Beverage_category,Beverage,Beverage_prep,Calories,Total Fat (g),Trans Fat (g),Saturated Fat (g),Sodium (mg),Total Carbohydrates (g),Cholesterol (mg),Dietary Fibre (g),Sugars (g),Protein (g),Vitamin A (% DV),Vitamin C (% DV),Calcium (% DV),Iron (% DV),Caffeine (mg)
Smoothie,Orange Juice,Iced,147,16.6,2.8,7.2,267,87.4,35,6.6,17.6,8.9,26,84,22,79,113
Smoothie,Green Tea,Iced,90,8.4,2.5,1.6,332,43.8,92,9.2,42.1,20.7,92,49,91,56,155
Smoothie,Latte,Blended,352,16.1,3.3,3.2,60,27.0,97,5.5,11.3,2.2,24,8,99,7,189
Smoothie,Latte,Hot,403,2.7,3.3,5.0,32,87.7,62,2.5,48.4,6.7,39,7,87,32,137
Smoothie,Cola,Iced,156,6.5,0.7,5.5,441,60.0,20,6.1,33.5,20.2,54,44,52,78,36
Smoothie,Mango Smoothie,Hot,381,12.4,0.3,8.2,176,55.8,16,5.6,42.3,14.0,28,86,82,15,56
Coffee,Espresso,Iced,341,13.8,2.1,4.8,235,32.5,57,6.8,48.0,23.9,11,42,54,92,274
Smoothie,Green Tea,Iced,101,7.8,2.9,7.5,298,10.8,77,5.7,9.1,25.7,21,48,67,77,289
Tea,Lemonade,Hot,203,4.2,4.1,8.6,360,64.9,59,3.9,45.5,29.8,87,77,52,86,23
Tea,Latte,Blended,480,15.7,3.1,6.5,243,67.0,15,3.3,17.1,13.4,4,79,64,64,228
Smoothie,Latte,Iced,141,7.9,1.0,1.1,185,51.5,34,8.0,34.6,29.2,57,13,54,4,135
Smoothie,Latte,Blended,230,3.3,3.7,8.0,135,75.9,87,9.8,45.7,2.0,44,94,11,23,17
Smoothie,Mango Smoothie,Blended,402,18.2,2.4,2.2,97,58.0,7,1.7,5.1,27.4,0,2,35,86,54
Tea,Espresso,Iced,452,7.6,3.6,8.2,66,73.8,56,9.8,25.5,3.5,51,3,91,13,48
Coffee,Green Tea,Blended,352,5.0,3.2,9.9,386,6.5,74,0.7,42.3,0.4,78,57,68,84,7
Juice,Lemonade,Hot,374,0.2,4.8,6.6,146,62.8,34,0.3,33.7,9.0,52,91,91,38,218
Soda,Mango Smoothie,Blended,161,2.3,1.3,6.1,231,68.2,62,1.8,34.1,23.7,94,8,62,87,173
Tea,Iced Tea,Hot,169,16.1,0.3,6.3,394,11.1,17,2.9,45.3,22.6,37,1,27,11,198
Soda,Mango Smoothie,Blended,241,6.5,0.5,5.0,234,41.5,34,4.8,8.9,11.3,26,31,23,91,172
Tea,Orange Juice,Hot,460,10.6,2.1,1.0,327,15.4,61,7.9,39.8,30.0,37,40,80,18,42
Tea,Iced Tea,Iced,89,1.1,2.3,9.1,494,45.7,9,3.3,12.0,17.7,89,82,40,63,66
Coffee,Latte,Hot,187,10.6,3.1,8.0,97,36.4,82,6.7,5.7,22.7,40,23,55,53,193
Juice,Iced Tea,Hot,313,6.9,2.0,7.1,2,62.1,12,5.8,25.1,26.4,22,3,77,6,259
Tea,Latte,Iced,262,5.0,1.3,7.5,278,70.8,95,7.5,2.8,23.6,19,19,89,9,154
Coffee,Latte,Blended,499,5.5,1.7,7.4,421,45.6,15,5.7,27.7,5.2,0,21,67,1,162
Juice,Lemonade,Hot,483,6.1,2.7,5.5,254,14.1,0,6.0,1.8,27.7,10,67,56,38,262
Coffee,Lemonade,Iced,332,14.7,0.8,2.2,197,72.4,4,6.3,27.4,16.8,64,63,49,100,228
Soda,Mango Smoothie,Blended,470,14.2,2.7,4.2,327,64.7,4,6.0,21.1,7.1,27,54,32,24,278
Smoothie,Orange Juice,Hot,269,17.3,2.7,2.4,362,40.3,39,4.3,30.6,23.4,92,41,83,46,142
Coffee,Orange Juice,Blended,466,0.6,2.3,2.9,127,44.7,52,8.8,27.9,27.8,63,92,10,80,3
Smoothie,Mango Smoothie,Hot,57,14.1,3.6,9.7,264,75.4,47,3.8,29.0,25.7,10,67,11,98,136
Coffee,Iced Tea,Iced,287,14.4,1.1,9.8,30,8.4,97,0.2,17.3,11.0,0,68,35,26,198
Tea,Cola,Iced,78,8.0,0.4,6.3,391,11.1,39,7.4,27.4,13.4,21,16,96,77,204
Juice,Mango Smoothie,Hot,432,4.8,4.9,6.3,142,18.5,78,6.3,43.7,6.2,28,90,48,50,30
Coffee,Green Tea,Hot,145,1.3,4.7,7.1,449,18.6,80,1.0,45.7,22.0,89,19,91,44,152
Smoothie,Espresso,Hot,283,0.9,3.5,6.0,390,97.2,0,2.9,0.4,21.1,54,83,25,48,190
Coffee,Green Tea,Iced,397,18.9,4.3,8.8,219,66.8,44,2.4,45.3,28.2,81,90,46,22,166
Tea,Green Tea,Iced,76,18.2,4.1,1.4,465,99.8,9,0.4,42.4,24.6,9,67,37,7,83
Coffee,Iced Tea,Hot,371,15.8,3.4,5.5,354,72.1,73,4.6,33.5,29.8,78,46,10,6,143
Coffee,Lemonade,Hot,76,19.0,4.0,4.5,185,49.5,1,5.8,43.4,21.6,44,74,21,42,145
Coffee,Latte,Hot,106,14.9,4.6,9.3,183,94.4,50,5.3,43.6,5.0,25,59,13,78,83
Juice,Orange Juice,Iced,242,4.2,4.6,9.8,469,79.9,62,8.8,27.4,4.7,27,94,77,30,17
Coffee,Latte,Hot,423,18.3,3.0,8.8,435,19.4,24,4.5,30.8,20.6,78,92,85,51,47
Coffee,Green Tea,Blended,88,4.2,0.9,5.3,21,24.7,25,0.7,8.4,15.7,30,83,38,82,127
Smoothie,Mango Smoothie,Hot,486,4.8,3.7,9.4,103,51.8,24,7.6,17.5,16.5,40,38,7,98,299
Juice,Latte,Iced,298,8.0,4.2,6.7,496,16.4,36,1.2,36.8,25.5,68,23,55,0,50
Smoothie,Lemonade,Iced,279,14.9,0.2,8.9,365,47.6,13,5.6,31.1,22.1,68,45,44,71,201
Soda,Orange Juice,Hot,456,18.8,1.3,5.7,491,4.8,52,4.5,46.3,10.7,91,35,96,100,297
Juice,Espresso,Hot,140,0.3,2.2,8.1,345,34.2,82,3.3,20.4,7.4,70,64,21,8,45
Soda,Iced Tea,Iced,135,16.9,0.7,9.6,251,37.5,90,9.4,32.3,29.5,21,17,70,94,260
Tea,Cola,Blended,112,12.3,3.2,9.1,124,11.4,98,0.7,43.2,23.4,66,87,90,42,224
Smoothie,Iced Tea,Blended,304,7.2,1.6,0.4,78,68.2,17,6.1,39.4,8.7,93,50,20,31,116
Coffee,Iced Tea,Hot,355,9.5,0.2,2.1,268,32.1,73,4.4,11.0,6.5,62,96,60,17,275
Soda,Green Tea,Blended,460,19.1,4.1,1.4,202,52.6,82,2.4,28.2,4.6,15,40,61,19,261
Coffee,Lemonade,Blended,331,17.2,2.6,8.4,288,51.7,1,0.2,32.2,12.8,66,77,23,41,77
Smoothie,Orange Juice,Iced,127,16.6,3.4,5.0,154,17.3,41,2.0,17.7,16.8,74,25,99,92,215
Soda,Latte,Hot,451,9.0,3.7,7.9,253,78.3,83,2.4,15.8,29.5,10,71,48,44,161
Tea,Espresso,Blended,249,19.6,2.7,8.6,184,18.6,68,10.0,21.9,8.9,49,29,63,69,44
Soda,Iced Tea,Hot,124,6.3,4.9,7.6,252,82.4,84,7.8,3.4,13.3,51,32,9,74,168
Coffee,Lemonade,Hot,450,9.6,4.5,8.1,63,56.6,40,3.9,41.8,10.2,28,20,78,33,79
Tea,Mango Smoothie,Blended,197,17.4,4.0,7.7,477,3.3,96,5.0,47.4,5.5,72,3,90,29,74
Juice,Orange Juice,Iced,286,2.6,1.6,0.8,396,16.5,44,8.1,45.2,9.3,44,39,79,10,235
Coffee,Lemonade,Blended,248,18.4,3.9,4.4,47,47.5,85,7.5,9.3,6.3,20,65,89,57,284
Soda,Iced Tea,Blended,440,14.3,1.0,7.1,194,47.9,42,2.4,2.4,9.3,61,63,11,25,286
Soda,Iced Tea,Hot,202,2.0,4.0,8.7,51,11.7,77,5.5,22.6,24.8,15,46,70,69,105
Juice,Orange Juice,Blended,315,17.6,0.2,3.9,110,21.2,0,2.8,28.4,28.5,38,16,23,21,22
Tea,Orange Juice,Blended,338,9.9,0.1,0.9,271,47.2,18,4.6,48.3,25.2,93,72,100,65,168
Coffee,Lemonade,Blended,81,15.8,0.7,5.2,192,4.0,78,8.4,11.7,15.5,8,48,87,40,157
Smoothie,Mango Smoothie,Hot,55,0.8,3.2,0.4,23,64.9,16,6.4,16.2,23.8,83,75,5,9,30
Coffee,Green Tea,Blended,201,16.4,1.9,5.3,408,21.6,66,1.8,0.9,24.1,58,18,71,85,153
Coffee,Green Tea,Blended,207,10.9,4.1,3.4,287,72.4,95,3.9,29.8,11.5,91,62,23,10,118
Tea,Green Tea,Hot,220,18.0,0.1,0.4,59,10.1,32,4.7,47.1,14.8,53,38,89,5,135
Coffee,Espresso,Hot,196,9.6,1.9,9.6,31,27.0,15,6.1,27.0,14.7,14,52,11,45,110
Tea,Latte,Blended,305,14.9,3.1,1.7,450,32.7,69,0.8,40.9,3.9,82,12,13,80,32
Smoothie,Espresso,Blended,72,19.9,3.5,5.1,459,51.2,17,9.3,41.7,18.0,80,76,51,6,29
Coffee,Mango Smoothie,Iced,364,4.4,3.9,1.0,141,78.6,76,7.0,1.9,13.0,89,9,29,99,109
Coffee,Iced Tea,Hot,496,6.3,3.8,8.0,315,47.2,31,8.8,19.4,19.5,29,34,46,91,113
Tea,Green Tea,Iced,124,1.7,1.6,2.5,123,83.9,79,1.6,35.1,22.9,67,61,87,24,60
Soda,Green Tea,Iced,420,3.4,3.9,1.7,124,56.3,67,2.4,28.8,16.9,96,83,98,60,39
Tea,Iced Tea,Iced,405,9.6,4.0,9.2,333,77.4,53,2.0,7.2,23.0,28,15,11,83,60
Coffee,Latte,Iced,428,6.7,3.6,2.6,62,97.5,21,2.1,25.7,12.9,93,100,97,7,141
Smoothie,Espresso,Blended,435,19.7,1.1,7.5,279,49.0,54,7.4,46.7,18.0,4,88,52,32,175
Juice,Cola,Hot,280,18.7,2.0,0.6,209,86.9,37,6.7,49.7,19.7,69,68,17,85,266
Smoothie,Green Tea,Blended,200,11.4,3.0,9.0,155,50.9,81,4.5,0.0,14.5,99,46,53,12,44
Soda,Mango Smoothie,Iced,196,19.3,4.6,9.4,434,8.2,47,4.3,18.1,21.2,17,8,51,55,243
Soda,Orange Juice,Iced,247,17.2,0.4,5.7,311,48.8,82,4.4,19.2,27.2,5,5,10,21,29
Soda,Espresso,Iced,438,9.5,1.1,2.8,202,92.0,40,2.3,22.4,28.2,24,6,37,16,81
Coffee,Iced Tea,Hot,309,17.5,4.2,6.8,404,76.6,57,8.2,5.4,2.2,66,34,84,10,277
Coffee,Cola,Hot,272,14.2,4.6,7.2,228,75.3,98,7.6,16.8,14.5,91,43,6,53,78
Soda,Iced Tea,Iced,97,1.7,1.4,3.7,19,16.2,33,4.5,36.2,6.5,65,78,73,100,247
Juice,Latte,Blended,478,0.1,2.1,8.5,270,66.6,65,6.2,17.3,14.1,87,46,12,58,273
Soda,Green Tea,Iced,342,2.6,3.1,6.8,21,9.3,83,8.7,10.7,4.2,64,61,20,16,210
Tea,Mango Smoothie,Blended,378,9.7,0.7,5.6,496,61.4,55,5.0,15.5,28.4,39,62,91,65,58
Soda,Orange Juice,Iced,71,14.0,2.3,4.5,101,85.3,44,5.1,40.6,29.1,98,53,12,48,97
Smoothie,Lemonade,Hot,102,4.0,1.0,1.1,29,69.5,29,0.2,9.0,24.8,77,37,100,64,117
Juice,Iced Tea,Blended,474,15.9,0.1,1.2,304,21.6,42,1.0,27.9,6.2,8,95,38,82,163
Juice,Lemonade,Hot,236,2.6,0.4,8.6,125,63.0,94,6.6,35.8,4.2,29,81,14,78,139
Coffee,Latte,Hot,324,11.2,4.5,7.4,14,8.7,31,4.0,23.2,8.9,47,65,66,64,260
Juice,Espresso,Hot,61,6.9,1.2,9.9,337,11.3,37,5.9,38.0,9.3,6,18,57,39,250
Soda,Mango Smoothie,Blended,198,18.8,2.3,0.4,37,27.6,1,5.6,13.4,21.2,48,42,41,15,49
Smoothie,Cola,Blended,203,11.8,0.1,4.3,50,21.9,6,7.2,30.2,10.6,35,94,66,80,149
Soda,Latte,Blended,436,4.6,3.4,6.7,379,53.1,27,7.3,10.6,0.6,65,44,12,45,44
Coffee,Mango Smoothie,Blended,199,19.2,1.5,7.9,108,16.9,100,0.6,3.2,22.5,38,32,30,4,206
Soda,Latte,Iced,407,12.1,3.4,1.1,410,71.3,71,7.1,46.1,27.2,87,68,95,8,129
Smoothie,Lemonade,Hot,156,4.1,2.1,3.8,211,67.1,0,2.7,19.1,27.0,52,14,42,64,164
Coffee,Orange Juice,Iced,454,11.2,1.2,9.8,384,62.7,50,2.3,9.5,22.6,96,35,61,98,236
Tea,Green Tea,Blended,304,13.3,3.3,5.2,66,0.9,44,9.3,40.5,20.3,2,33,44,68,230
Tea,Green Tea,Blended,430,2.4,0.6,4.8,228,67.8,36,9.8,9.2,27.8,68,29,61,44,5
Tea,Lemonade,Blended,396,11.1,3.3,4.7,499,72.7,2,2.2,12.5,10.8,9,58,57,47,226
Coffee,Latte,Iced,309,2.7,3.7,9.0,420,37.9,13,8.8,47.1,2.4,85,52,55,23,244
Tea,Cola,Blended,402,14.1,2.8,6.6,136,32.6,71,7.3,7.8,0.4,63,83,19,15,192
Smoothie,Green Tea,Blended,226,3.4,0.3,0.8,284,54.0,95,6.9,18.8,3.3,80,54,12,32,264
Smoothie,Latte,Hot,456,7.4,1.3,2.9,90,94.7,74,4.0,27.3,5.9,97,54,44,23,86
Soda,Orange Juice,Hot,202,16.3,4.1,8.6,235,18.8,6,4.6,1.9,15.4,23,23,14,25,271
Soda,Latte,Iced,184,16.3,2.4,3.0,31,50.3,67,8.2,13.4,9.5,95,84,97,83,110
Smoothie,Cola,Hot,321,1.4,1.3,1.1,273,88.0,6,0.2,13.7,25.8,48,100,37,30,192
Smoothie,Orange Juice,Blended,88,19.3,4.2,0.8,142,35.1,55,4.9,7.1,8.3,72,16,47,5,23
Soda,Latte,Hot,66,9.3,4.3,2.0,392,77.9,55,9.2,22.0,23.1,65,14,0,26,291
Smoothie,Latte,Iced,469,10.3,2.3,3.2,491,99.4,82,3.5,48.1,20.6,25,56,2,37,229
Soda,Lemonade,Iced,403,17.5,2.1,7.1,301,77.3,49,5.1,15.6,19.1,37,82,48,71,116
Smoothie,Mango Smoothie,Iced,234,12.6,1.6,6.9,41,48.6,100,1.9,7.8,27.8,60,49,34,38,71
Smoothie,Green Tea,Hot,392,15.5,3.9,5.7,320,65.4,23,3.3,14.8,7.8,3,91,19,66,133
Smoothie,Mango Smoothie,Blended,84,13.5,3.3,3.2,498,61.1,29,6.1,1.6,13.6,60,94,7,3,87
Smoothie,Iced Tea,Blended,282,1.3,2.0,9.9,51,23.1,74,5.4,39.5,11.2,5,34,81,20,238
Juice,Latte,Hot,138,8.8,1.2,2.5,2,80.7,87,0.9,1.5,29.7,88,24,55,61,184
Juice,Latte,Blended,333,8.3,4.6,5.1,68,8.1,51,8.4,16.4,3.1,41,62,96,11,7
Tea,Cola,Blended,217,9.9,0.8,8.9,40,69.9,69,4.1,27.8,6.3,27,13,52,31,276
Smoothie,Latte,Iced,128,0.6,3.8,9.4,88,27.4,9,2.5,7.1,8.9,77,23,57,22,116
Smoothie,Orange Juice,Blended,448,2.1,4.8,5.5,430,35.4,45,7.8,8.2,26.4,44,21,73,36,260
Soda,Green Tea,Hot,247,12.1,3.1,9.0,21,75.4,74,1.3,20.5,18.1,14,33,65,52,273
Soda,Green Tea,Iced,291,15.5,1.5,9.9,15,51.4,23,9.2,14.6,7.2,26,56,18,19,100
Soda,Latte,Blended,128,17.6,3.1,6.2,498,43.0,76,4.8,12.1,22.2,55,14,56,66,104
Coffee,Mango Smoothie,Iced,179,12.4,1.4,6.7,32,0.6,81,1.4,7.9,2.6,44,18,43,95,90
Tea,Cola,Iced,477,13.5,2.3,3.1,121,32.1,30,9.3,27.8,11.1,35,15,93,39,105
Tea,Lemonade,Iced,328,18.4,2.5,6.5,139,11.0,93,4.7,29.8,28.0,1,16,1,62,235
Tea,Green Tea,Hot,438,17.0,4.8,0.4,145,23.7,85,1.0,24.6,0.5,63,12,7,13,117
Coffee,Cola,Hot,494,14.1,0.5,3.8,438,86.5,70,3.6,35.0,13.6,24,89,36,46,270
Coffee,Orange Juice,Blended,104,3.0,4.9,1.9,279,71.4,10,3.6,31.5,20.3,33,55,74,50,223
Juice,Green Tea,Iced,460,8.1,4.4,9.0,306,72.1,52,1.9,23.9,7.5,31,83,32,52,77
Tea,Iced Tea,Hot,73,11.8,4.4,1.5,101,9.9,98,9.8,26.5,4.9,5,8,44,56,26
Tea,Espresso,Iced,195,13.2,1.3,4.2,340,75.5,96,7.3,31.8,19.9,95,77,6,76,254
Coffee,Orange Juice,Hot,354,12.9,4.1,4.8,189,65.7,6,6.9,31.7,21.9,38,44,83,60,84
Juice,Orange Juice,Hot,376,14.7,0.5,7.8,456,14.4,77,3.3,32.2,14.3,26,49,14,53,230
Soda,Green Tea,Hot,378,13.4,2.7,2.2,333,80.8,42,7.6,5.0,24.3,97,11,41,6,218
Juice,Cola,Iced,308,2.2,0.0,7.3,358,78.8,78,8.2,30.5,7.5,56,54,24,14,275
Soda,Green Tea,Hot,141,6.6,1.9,3.3,483,95.1,50,4.6,4.1,27.3,21,98,80,41,193
Juice,Latte,Hot,74,7.7,4.0,7.7,443,19.6,43,5.1,38.6,28.1,54,76,95,48,193
Coffee,Latte,Hot,285,17.5,4.6,6.5,426,55.6,46,3.3,12.2,21.0,60,47,15,97,61
Juice,Lemonade,Iced,93,11.6,4.9,0.3,7,57.0,84,3.4,2.3,10.5,69,7,38,50,66
Juice,Lemonade,Blended,326,10.5,4.8,9.6,493,46.4,19,2.5,25.7,5.4,80,17,57,47,20
Coffee,Mango Smoothie,Iced,470,9.2,3.6,5.3,302,24.1,77,7.6,13.4,3.9,68,6,86,69,258
Soda,Iced Tea,Blended,51,12.6,4.9,3.2,135,51.4,74,0.9,11.5,6.9,87,19,56,9,266
Tea,Mango Smoothie,Hot,195,9.5,3.1,8.5,269,66.3,39,8.0,2.9,1.6,54,92,76,65,236
Juice,Lemonade,Iced,130,19.3,2.4,4.7,243,36.1,94,7.3,6.5,14.3,51,89,48,64,27
Smoothie,Iced Tea,Iced,393,0.4,1.0,3.3,433,72.7,98,8.7,20.6,5.5,38,43,97,99,265
Tea,Iced Tea,Hot,250,4.3,2.9,0.7,82,85.0,94,6.8,16.2,3.3,8,76,80,51,117
Juice,Espresso,Blended,104,15.1,2.3,2.9,496,83.6,74,9.9,22.4,4.4,41,72,7,71,149
Soda,Orange Juice,Hot,141,0.0,2.0,3.3,242,96.7,15,3.4,35.2,29.1,50,61,69,41,251
Soda,Orange Juice,Iced,134,7.6,0.8,0.6,31,4.1,33,5.4,30.3,0.2,84,4,30,41,100
Juice,Lemonade,Blended,462,15.9,0.8,0.7,8,22.2,0,1.8,35.2,23.5,65,45,23,76,289
Tea,Latte,Blended,278,6.0,2.9,3.2,149,11.5,13,3.7,11.1,6.6,91,72,29,60,107
Soda,Orange Juice,Blended,155,19.2,4.6,8.0,495,29.7,90,5.7,9.1,18.5,99,40,44,68,291
Soda,Latte,Iced,266,18.1,1.4,6.5,326,61.9,98,6.7,46.4,21.5,23,39,65,52,78
Juice,Espresso,Blended,251,19.5,4.7,2.9,149,26.3,63,0.7,5.0,2.7,40,57,63,31,53
Juice,Latte,Hot,222,16.1,0.0,6.8,399,21.3,13,9.1,30.7,19.8,3,100,70,63,178
Soda,Lemonade,Hot,397,5.7,4.2,4.9,150,24.8,16,1.1,43.8,29.0,48,54,36,21,173
Juice,Cola,Hot,401,16.8,0.5,3.2,330,53.7,48,3.0,44.7,20.4,23,8,24,31,75
Coffee,Espresso,Hot,179,17.8,2.5,3.8,110,87.9,75,3.0,31.6,29.4,59,99,37,86,267
Coffee,Green Tea,Blended,358,4.3,0.0,5.2,261,0.5,83,9.9,0.3,21.4,52,17,9,32,184
Smoothie,Orange Juice,Hot,457,4.1,2.5,8.0,103,49.4,1,9.1,17.9,19.1,85,4,72,78,27
Juice,Green Tea,Blended,235,18.2,2.4,7.9,268,98.3,52,1.9,10.0,24.5,74,45,94,62,127
Tea,Espresso,Blended,146,15.0,0.3,0.4,469,26.1,59,4.4,43.1,28.6,97,15,27,71,250
Coffee,Espresso,Hot,386,17.6,1.9,3.6,234,19.0,86,8.2,19.1,9.8,20,13,31,88,5
Smoothie,Espresso,Hot,312,10.9,3.9,0.6,224,83.3,59,2.5,28.5,23.8,7,71,95,87,155
Juice,Lemonade,Iced,252,5.4,1.7,9.9,446,76.0,33,8.0,44.5,4.5,22,95,82,3,63
Juice,Latte,Iced,216,4.0,3.7,1.9,223,79.4,6,6.0,39.9,19.7,5,68,67,24,32
Tea,Green Tea,Iced,278,5.0,1.3,5.0,413,79.7,65,8.0,44.5,10.4,58,18,16,33,59
Smoothie,Green Tea,Iced,322,6.3,0.4,4.7,406,40.0,34,5.4,13.0,19.2,34,47,93,34,163
Smoothie,Orange Juice,Iced,474,4.0,3.1,5.2,63,62.5,75,1.4,39.3,18.9,76,54,20,84,26
Coffee,Cola,Iced,105,5.9,4.4,0.4,437,21.6,89,5.2,48.9,26.7,60,72,51,9,6
Juice,Lemonade,Iced,51,10.7,2.7,7.6,329,77.5,78,9.5,19.3,4.9,44,12,76,51,272
Smoothie,Green Tea,Iced,247,12.6,2.0,5.3,27,51.4,13,9.2,41.9,24.2,17,23,27,17,73
Coffee,Cola,Hot,115,13.1,3.1,7.0,20,6.3,51,3.6,45.1,14.3,5,6,91,75,47
Tea,Iced Tea,Blended,498,16.7,1.1,8.9,280,93.4,37,3.6,7.8,20.2,62,8,22,59,171
Soda,Latte,Iced,112,16.5,1.3,0.3,342,64.1,89,1.2,11.2,29.6,4,21,85,92,212
Juice,Orange Juice,Hot,79,5.8,0.2,4.5,412,98.6,73,0.7,36.4,0.4,57,33,97,40,131
Juice,Green Tea,Blended,92,8.0,1.5,5.3,292,0.1,79,4.4,49.5,3.3,64,64,57,84,214
Smoothie,Mango Smoothie,Blended,303,0.2,2.5,3.0,207,44.9,21,0.5,18.3,7.9,88,49,26,47,249
Smoothie,Espresso,Iced,365,18.8,4.8,9.4,99,88.6,35,3.4,21.2,18.9,42,70,83,39,271
Coffee,Green Tea,Hot,309,11.1,2.4,0.2,435,17.1,95,8.7,35.5,21.7,62,65,63,61,141
Soda,Iced Tea,Hot,344,17.6,1.8,5.4,305,91.5,85,8.2,8.1,22.7,73,96,65,27,234
Juice,Iced Tea,Hot,118,0.1,2.0,4.4,259,26.5,73,5.5,13.5,11.6,49,2,30,84,169
Smoothie,Lemonade,Blended,446,3.2,2.4,5.0,271,20.4,94,8.6,32.2,19.0,93,12,97,28,174
Tea,Lemonade,Blended,360,3.2,0.6,5.2,286,25.3,77,1.3,30.6,10.3,0,57,18,72,274
Tea,Orange Juice,Blended,175,17.6,0.2,2.2,279,61.1,77,5.9,28.0,27.6,43,88,94,86,225
Tea,Orange Juice,Hot,124,8.8,3.5,9.3,40,18.5,33,7.6,17.5,11.3,93,7,50,86,269
Soda,Cola,Hot,334,14.3,1.2,5.5,28,39.8,71,7.1,16.9,21.7,42,24,17,46,254
Coffee,Mango Smoothie,Iced,440,5.2,1.6,8.6,270,98.1,69,5.4,41.2,23.5,22,82,27,82,143
Smoothie,Mango Smoothie,Iced,316,14.7,3.3,1.2,253,82.7,65,9.5,8.8,17.6,13,2,61,92,99
Juice,Mango Smoothie,Iced,189,10.6,3.5,9.2,419,2.2,31,6.8,48.8,24.4,26,71,61,46,225
Smoothie,Mango Smoothie,Hot,290,14.9,4.4,1.9,385,2.4,17,1.8,14.4,29.3,57,32,6,42,190
Coffee,Orange Juice,Blended,184,15.2,0.1,9.0,199,94.1,4,6.4,15.7,22.0,78,17,37,58,6
Smoothie,Lemonade,Blended,248,19.2,4.8,8.0,495,75.7,2,2.1,2.6,8.3,38,54,18,46,67
Coffee,Mango Smoothie,Blended,211,7.2,4.4,5.8,216,34.9,58,6.3,19.5,1.3,44,90,54,2,221
Coffee,Espresso,Blended,402,8.2,1.4,5.7,257,84.1,25,1.4,0.9,20.3,43,63,14,42,247
Tea,Espresso,Blended,179,12.8,0.8,1.2,488,0.3,42,1.8,9.4,28.8,70,67,37,76,117
Juice,Espresso,Iced,92,4.9,0.8,3.8,436,65.5,40,0.4,2.9,17.9,91,48,5,51,25
Tea,Latte,Blended,270,16.1,0.3,4.7,18,7.7,78,1.1,13.2,10.5,67,56,75,36,259
Smoothie,Green Tea,Iced,116,10.5,2.0,4.3,238,90.2,91,7.0,19.2,28.6,51,49,94,77,275
Soda,Green Tea,Blended,74,13.9,5.0,9.9,304,21.0,80,3.6,5.7,0.5,45,14,41,70,44
Smoothie,Lemonade,Blended,465,0.0,4.8,7.9,242,27.8,29,2.1,13.5,15.1,87,23,2,40,38
Coffee,Espresso,Hot,154,17.2,1.4,4.0,440,97.5,36,9.0,25.4,9.6,21,97,7,15,8
Smoothie,Green Tea,Iced,475,19.0,1.0,9.1,280,28.4,5,6.9,39.9,28.8,48,27,51,98,267
Coffee,Latte,Blended,191,1.2,3.4,3.0,477,98.3,14,1.0,36.3,11.8,58,74,56,57,110
Tea,Latte,Iced,64,0.7,4.1,2.1,185,14.3,29,7.5,24.5,18.9,8,71,10,49,15
Juice,Lemonade,Hot,465,17.5,4.5,8.5,386,63.2,73,8.9,46.5,24.8,50,31,41,55,158
Juice,Latte,Hot,417,19.6,0.2,0.2,367,37.4,82,4.4,37.3,6.3,65,42,5,13,137
Smoothie,Cola,Blended,405,6.7,1.9,1.6,246,70.4,67,6.2,43.2,16.6,94,91,51,85,269
Coffee,Lemonade,Blended,310,13.2,2.3,9.9,93,0.5,21,4.1,16.3,4.3,19,42,55,36,254
Soda,Iced Tea,Blended,443,3.7,4.6,4.8,136,69.2,76,6.1,10.7,21.0,30,62,58,80,12
Coffee,Green Tea,Blended,211,3.0,1.6,7.1,443,25.9,22,4.2,22.1,29.3,32,2,11,57,245
Juice,Mango Smoothie,Iced,186,16.4,1.6,3.8,231,86.4,72,9.4,31.9,29.6,69,42,60,16,142
Coffee,Latte,Blended,136,3.5,1.4,0.7,242,10.1,81,8.0,41.0,10.1,43,27,55,65,58
Smoothie,Lemonade,Iced,114,15.4,4.0,7.6,140,42.8,87,8.0,22.9,23.8,97,28,76,5,146
Smoothie,Iced Tea,Hot,56,1.4,2.5,3.6,214,63.0,79,1.0,31.7,11.1,31,52,89,80,75
Tea,Iced Tea,Hot,147,5.6,2.8,5.1,134,37.0,63,1.9,2.0,26.4,24,8,40,20,298
Smoothie,Espresso,Hot,253,15.4,2.5,6.9,85,61.0,60,4.5,28.1,22.8,59,80,23,34,18
Smoothie,Iced Tea,Blended,346,0.0,1.2,2.1,123,86.1,9,1.7,18.9,27.8,66,98,10,23,80
Coffee,Lemonade,Blended,433,1.2,2.8,5.4,316,56.1,25,3.2,20.4,28.3,27,59,47,10,20
Coffee,Green Tea,Blended,328,18.0,1.1,5.8,177,45.8,17,7.5,31.8,19.2,44,5,59,17,237
Juice,Latte,Hot,273,0.7,0.7,3.6,292,15.9,17,1.2,2.6,7.0,50,57,6,98,270
Soda,Latte,Blended,166,3.1,4.9,9.4,211,36.3,67,0.1,14.3,6.3,83,94,54,7,291
Tea,Orange Juice,Iced,249,7.1,3.5,8.1,372,6.0,97,9.6,11.1,26.3,81,70,93,41,240
Tea,Espresso,Blended,274,5.4,2.4,5.1,123,2.4,4,7.8,43.3,16.1,13,13,61,99,253
Soda,Mango Smoothie,Blended,273,9.6,3.1,8.8,390,95.4,17,3.6,29.1,0.3,97,14,59,91,72
Coffee,Green Tea,Hot,352,12.6,3.3,3.4,331,89.2,78,4.6,2.9,8.4,3,65,64,72,65
Coffee,Iced Tea,Iced,211,19.6,0.4,8.2,430,17.5,85,9.4,49.6,26.3,1,33,3,95,170
Tea,Latte,Iced,116,13.6,2.7,9.7,168,61.2,18,2.1,28.9,13.1,88,2,25,24,275
Soda,Lemonade,Hot,140,8.7,3.2,8.9,47,57.6,21,8.0,12.9,10.3,83,83,96,61,197
Smoothie,Mango Smoothie,Iced,446,3.2,4.8,2.1,461,21.1,48,3.7,1.2,28.1,2,37,24,98,258
Tea,Orange Juice,Blended,238,13.4,2.9,8.2,291,92.3,1,2.4,31.1,29.3,47,97,18,24,264
Coffee,Cola,Hot,240,7.6,3.4,0.4,108,11.9,57,1.3,13.2,3.2,56,91,67,14,248
Tea,Latte,Hot,264,6.0,3.8,5.9,62,93.4,16,7.6,29.4,0.6,79,46,95,9,237
Soda,Green Tea,Iced,212,8.1,1.5,7.1,49,17.9,85,8.7,28.0,16.6,57,33,92,54,170
Smoothie,Mango Smoothie,Iced,289,1.6,2.5,2.7,314,11.1,99,1.8,36.3,16.6,41,26,28,97,176
Soda,Iced Tea,Hot,162,2.1,0.2,0.3,78,11.7,4,3.0,23.9,10.2,63,9,75,10,65
Soda,Latte,Hot,78,18.6,1.6,9.2,104,48.6,63,9.7,32.8,7.8,23,82,78,60,173
Soda,Orange Juice,Hot,209,6.9,3.4,8.3,16,36.9,5,3.2,13.4,26.8,9,82,83,94,75
Juice,Lemonade,Blended,309,10.1,2.4,3.6,111,14.9,6,9.2,37.5,13.7,35,57,52,80,85
Coffee,Espresso,Hot,87,16.5,3.2,8.5,231,7.9,11,4.5,14.6,22.4,3,43,33,32,238
Smoothie,Mango Smoothie,Blended,386,11.6,4.1,4.2,294,28.9,10,4.3,44.6,15.1,16,30,80,84,263
Juice,Iced Tea,Blended,354,19.1,4.9,6.4,302,90.0,74,0.4,45.6,20.3,40,17,32,13,81
Tea,Cola,Hot,222,2.5,0.0,9.9,497,91.3,27,3.0,9.8,29.4,36,55,19,43,195
Soda,Latte,Blended,219,15.3,1.8,8.9,461,92.9,76,0.3,23.8,16.4,9,51,37,55,217
Smoothie,Cola,Blended,127,9.5,2.6,4.9,85,0.7,62,1.1,45.8,24.1,67,11,36,3,178
Tea,Green Tea,Blended,334,6.9,4.5,3.1,3,59.9,70,2.6,47.5,18.3,47,65,39,84,149
Coffee,Mango Smoothie,Blended,371,7.7,1.3,3.7,384,66.9,15,3.9,23.4,18.4,6,58,77,50,51
Juice,Green Tea,Hot,278,4.9,0.7,5.8,279,65.6,88,7.7,6.6,4.3,67,43,40,6,250
Coffee,Green Tea,Iced,315,8.5,1.1,0.0,440,28.1,59,4.6,31.1,28.6,81,93,91,89,18
Soda,Latte,Blended,301,7.5,1.6,6.3,382,0.2,60,4.7,14.1,3.8,31,9,19,34,43
Smoothie,Espresso,Blended,68,2.8,2.4,2.4,277,65.8,50,3.5,30.8,29.3,95,61,59,40,32
Tea,Espresso,Iced,437,2.7,3.5,6.7,387,20.4,69,5.7,36.4,14.7,44,32,92,71,292
Soda,Mango Smoothie,Hot,409,4.6,3.8,6.1,5,61.4,5,9.8,46.9,4.0,82,27,37,9,62
Smoothie,Orange Juice,Blended,211,8.4,1.1,4.0,52,69.8,38,6.5,8.5,17.6,5,14,89,84,235
Smoothie,Cola,Blended,73,11.9,4.6,7.5,366,72.0,31,9.7,5.8,22.0,12,79,33,34,1
Soda,Green Tea,Iced,342,14.5,4.3,6.0,326,95.8,42,0.6,27.1,5.3,34,71,68,97,220
Juice,Lemonade,Blended,354,2.1,1.7,6.1,199,96.5,35,3.6,32.2,22.9,57,38,61,8,117
Juice,Lemonade,Hot,209,4.1,4.6,5.6,484,11.1,57,7.6,22.7,9.3,90,55,75,74,64
Coffee,Latte,Hot,406,16.3,2.0,5.1,85,54.6,57,8.5,45.8,24.2,34,41,58,53,137
Smoothie,Espresso,Hot,313,16.3,1.0,1.6,108,90.4,53,0.4,23.3,25.7,37,95,47,6,300
Coffee,Cola,Blended,297,5.4,4.9,0.1,231,39.4,98,0.0,12.2,14.4,22,65,98,78,39
Coffee,Orange Juice,Hot,451,16.5,3.3,9.5,98,29.2,45,0.3,12.1,3.2,9,90,81,10,155
Tea,Espresso,Hot,447,2.3,4.0,9.0,36,19.9,73,0.0,39.7,7.0,84,12,39,46,203
Tea,Lemonade,Iced,401,17.9,2.3,1.2,460,23.5,60,2.4,44.6,14.0,21,95,26,11,22
Soda,Orange Juice,Blended,369,16.7,0.3,4.5,44,40.2,43,5.9,22.0,12.9,12,79,49,75,243
Tea,Lemonade,Hot,297,0.8,4.6,7.4,420,61.6,5,9.0,13.3,15.5,26,3,63,72,61
Coffee,Latte,Iced,98,1.4,0.3,7.8,222,31.1,40,5.0,18.3,30.0,58,47,48,26,262
Juice,Latte,Hot,170,12.4,0.0,3.6,142,13.3,43,9.4,43.9,24.9,52,22,45,92,167
Smoothie,Iced Tea,Iced,292,11.4,4.1,7.7,336,18.6,27,4.5,44.2,4.8,89,49,8,31,165
Coffee,Orange Juice,Blended,276,18.8,1.7,1.4,51,9.3,87,7.5,16.6,29.6,54,27,58,10,190
Juice,Iced Tea,Iced,393,9.7,2.6,2.6,47,24.7,47,1.5,47.0,3.2,43,61,31,80,281
Soda,Lemonade,Iced,129,1.6,5.0,6.2,215,6.6,10,0.2,11.8,0.8,25,28,59,45,155
Soda,Espresso,Blended,307,3.0,1.4,5.0,217,34.1,58,2.9,35.0,17.1,74,65,76,65,155
Soda,Cola,Iced,187,9.4,1.2,2.7,214,55.8,30,3.4,22.7,12.7,76,96,35,9,144
Soda,Lemonade,Blended,99,19.5,4.4,0.4,45,97.3,48,0.5,23.3,8.1,16,17,99,9,66
Coffee,Lemonade,Iced,76,1.5,2.5,7.2,110,23.9,56,5.8,0.5,16.9,94,5,56,57,60
Coffee,Cola,Hot,114,5.8,3.6,0.6,266,8.0,19,6.8,22.0,22.3,40,32,10,27,165
Juice,Green Tea,Blended,293,18.0,3.1,6.7,377,16.5,47,4.4,35.4,16.2,60,79,22,84,211
Soda,Espresso,Iced,446,10.5,3.3,2.0,208,75.7,49,6.1,31.1,19.5,31,16,58,44,191
Coffee,Green Tea,Blended,492,18.4,0.1,8.8,156,2.9,85,3.2,37.8,27.7,1,88,14,9,136
Smoothie,Mango Smoothie,Iced,449,5.4,3.2,9.3,328,96.4,32,7.0,20.1,29.9,67,12,99,68,161
Coffee,Espresso,Blended,335,7.0,2.9,7.8,385,98.7,93,6.2,43.7,2.9,61,25,9,60,164
Smoothie,Lemonade,Iced,282,14.9,1.4,2.5,412,63.0,78,10.0,10.0,8.1,79,7,39,59,93
Coffee,Iced Tea,Hot,437,1.2,3.1,3.7,358,59.7,75,0.5,16.9,25.4,63,13,80,15,223
Soda,Espresso,Blended,72,18.0,1.1,5.9,226,30.1,61,5.1,41.0,10.4,28,11,48,79,99
Juice,Espresso,Blended,408,4.2,4.5,8.5,231,89.0,22,1.4,36.8,24.3,52,94,16,48,73
Coffee,Mango Smoothie,Iced,183,18.0,0.0,2.9,114,41.5,8,4.7,0.2,6.3,4,69,67,3,181
Coffee,Green Tea,Hot,93,17.7,0.3,3.3,431,87.3,88,8.0,44.3,4.6,24,98,12,80,157
Juice,Green Tea,Hot,359,7.1,0.0,3.7,54,5.1,94,3.5,37.2,13.5,1,3,77,63,31
Juice,Orange Juice,Iced,165,6.6,0.8,4.0,378,60.5,64,2.1,0.3,20.9,62,12,17,14,286
Tea,Iced Tea,Blended,227,13.6,1.4,8.1,488,94.4,29,0.2,46.5,23.2,48,0,29,66,46
Juice,Lemonade,Blended,199,3.4,3.2,7.9,495,46.7,15,8.0,47.4,15.1,25,85,47,82,94
Juice,Latte,Hot,433,15.8,4.5,4.6,267,3.8,47,2.3,33.0,28.6,61,2,15,34,20
Smoothie,Green Tea,Blended,115,15.3,2.4,3.3,297,95.8,71,0.8,24.4,25.9,84,95,49,45,81
Soda,Lemonade,Hot,413,6.9,0.1,4.4,55,40.7,24,1.4,33.8,2.5,74,62,6,67,150
Coffee,Iced Tea,Iced,95,14.2,2.6,1.4,437,23.1,12,7.0,38.4,21.2,79,58,79,53,289
Soda,Latte,Blended,448,19.1,0.9,7.1,10,33.6,82,8.9,20.8,2.7,97,49,82,84,7
Tea,Lemonade,Iced,200,9.8,4.6,1.2,415,55.4,15,7.3,29.0,6.8,53,32,79,90,178
Juice,Cola,Hot,411,1.5,3.4,0.6,339,10.8,19,4.3,30.3,12.5,49,88,17,84,176
Soda,Green Tea,Iced,64,5.2,1.1,3.1,189,12.8,100,7.7,2.3,1.4,88,31,12,34,231
Tea,Cola,Hot,136,12.4,0.8,9.0,333,16.8,32,2.2,43.7,12.6,54,5,31,24,129
Smoothie,Espresso,Hot,376,3.0,3.0,1.9,83,23.6,22,2.2,38.0,2.9,84,65,87,63,221
Coffee,Latte,Iced,198,7.0,1.2,0.1,46,49.0,7,0.1,37.8,5.0,66,98,35,3,91
Coffee,Iced Tea,Iced,276,16.0,0.2,6.4,155,73.6,82,2.4,45.8,8.9,20,43,15,36,173
Smoothie,Lemonade,Hot,413,13.2,2.4,1.8,457,25.8,25,3.5,49.0,2.2,77,54,19,16,54
Soda,Green Tea,Iced,421,5.6,4.8,8.2,455,50.0,37,9.3,4.8,26.7,61,59,38,48,254
Smoothie,Orange Juice,Blended,361,8.5,0.5,0.8,391,69.8,40,6.3,10.6,6.5,89,22,25,40,169
Smoothie,Cola,Hot,116,17.7,0.9,7.2,321,20.5,47,5.7,1.6,12.3,32,88,15,11,116
Soda,Cola,Blended,426,15.3,3.6,8.0,418,97.7,60,2.7,21.6,4.7,99,5,76,57,62
Smoothie,Green Tea,Iced,423,11.3,1.7,8.4,172,63.4,80,3.9,41.8,11.5,33,99,11,37,131
Juice,Green Tea,Hot,306,10.3,1.6,7.6,47,7.3,2,1.7,34.8,13.7,87,14,64,4,117
Tea,Mango Smoothie,Blended,155,17.4,1.1,4.3,266,73.4,75,4.2,33.2,22.1,71,3,67,71,175
Smoothie,Orange Juice,Iced,103,14.3,2.9,5.6,161,76.9,11,3.0,40.8,19.2,44,21,56,88,195
Smoothie,Lemonade,Iced,85,9.2,1.0,1.8,294,12.6,71,9.2,39.7,7.3,54,57,90,33,125
Coffee,Lemonade,Iced,387,2.3,4.6,6.0,27,69.0,72,6.9,46.8,24.0,48,72,91,98,157
Tea,Latte,Blended,489,17.5,4.8,7.7,190,99.2,82,5.1,11.3,19.0,90,31,97,21,165
Coffee,Iced Tea,Blended,135,8.2,1.5,1.9,66,38.9,98,0.2,48.5,0.8,81,42,38,53,147
Soda,Latte,Iced,407,2.8,5.0,9.8,41,77.4,25,8.0,30.8,28.0,85,68,41,19,104
Smoothie,Orange Juice,Blended,238,11.4,4.9,2.5,149,5.7,53,7.7,35.1,20.0,29,10,9,79,63
Smoothie,Latte,Iced,411,4.8,1.5,4.0,322,33.4,30,0.1,2.2,24.8,54,13,68,95,200
Smoothie,Lemonade,Hot,322,4.9,2.4,0.5,130,64.8,30,1.1,8.7,12.9,100,76,83,2,43
Smoothie,Green Tea,Blended,356,1.0,1.5,5.7,137,21.4,91,2.8,30.2,21.3,91,60,40,49,129
Coffee,Cola,Hot,150,17.0,2.3,7.3,67,90.0,100,3.7,4.6,7.3,86,0,28,5,228
Soda,Mango Smoothie,Hot,121,4.6,1.4,5.3,141,18.8,2,2.5,34.7,3.2,32,47,18,84,158
Tea,Espresso,Hot,232,4.6,3.6,4.5,17,40.0,24,5.7,38.7,0.0,28,67,86,57,183
Smoothie,Cola,Hot,451,5.2,1.1,5.4,167,26.6,74,7.7,9.6,18.1,96,45,50,22,144
Juice,Iced Tea,Hot,426,17.8,4.6,0.4,95,23.7,55,4.6,40.9,15.8,17,96,36,8,162
Tea,Iced Tea,Blended,189,1.6,3.4,9.0,149,16.1,6,3.1,26.4,1.1,91,39,26,73,208
Smoothie,Lemonade,Blended,165,19.5,0.9,6.7,138,57.5,38,1.0,31.1,22.9,89,43,81,70,221
Juice,Green Tea,Blended,336,7.7,1.9,8.0,46,65.2,97,5.2,37.5,20.4,28,1,62,9,291
Soda,Green Tea,Blended,357,1.2,1.6,4.3,298,92.7,53,5.3,12.6,3.2,39,35,11,57,56
Coffee,Iced Tea,Hot,97,5.0,2.4,9.2,324,42.4,46,6.3,26.2,18.2,62,1,11,56,18
Juice,Lemonade,Hot,324,17.1,0.7,2.8,226,31.0,61,7.0,21.5,25.4,58,72,75,77,68
Soda,Latte,Iced,236,3.0,1.6,6.1,69,78.5,41,2.4,39.1,11.4,56,92,67,81,38
Tea,Green Tea,Blended,207,19.7,2.7,1.9,0,79.9,94,0.8,12.6,7.0,41,29,8,89,225
Coffee,Iced Tea,Blended,106,5.1,0.5,9.0,260,24.7,68,3.4,19.9,23.3,76,62,15,43,227
Tea,Lemonade,Hot,211,2.0,2.4,9.8,354,59.6,26,0.5,49.1,10.4,70,64,89,80,111
Juice,Latte,Blended,173,3.2,1.7,1.6,181,10.5,100,1.9,6.6,27.3,74,62,49,14,146
Soda,Latte,Hot,232,8.9,0.9,1.8,121,90.4,55,8.9,39.3,13.3,61,77,75,21,224
Smoothie,Latte,Blended,188,5.7,2.7,6.5,420,39.8,91,5.8,40.4,2.4,86,65,77,23,159
Soda,Espresso,Hot,356,6.8,4.9,9.5,75,86.1,17,4.9,22.2,15.9,0,53,26,55,47
Tea,Green Tea,Hot,184,6.4,4.5,3.3,216,16.7,72,8.5,42.8,13.5,20,32,35,27,66
Tea,Mango Smoothie,Iced,428,10.3,1.5,0.3,398,72.6,68,4.9,13.2,21.8,49,33,52,48,245
Soda,Espresso,Hot,139,4.9,2.7,9.0,163,70.4,56,0.5,43.7,19.8,78,44,31,19,213
Coffee,Orange Juice,Hot,146,16.3,2.4,7.3,243,30.9,21,2.4,43.8,16.1,32,69,64,46,297
Soda,Green Tea,Hot,468,1.4,3.3,3.4,41,68.3,9,9.6,23.8,7.2,7,78,61,80,245
Smoothie,Latte,Blended,130,3.9,3.5,6.6,496,68.5,45,2.5,40.5,10.9,22,86,83,55,213
Soda,Lemonade,Hot,283,1.0,4.2,5.6,180,45.9,65,5.2,28.0,2.1,54,57,28,88,41
Smoothie,Cola,Blended,206,11.4,4.9,6.9,188,34.3,100,5.3,18.4,25.6,72,83,55,64,220
Tea,Green Tea,Blended,394,8.3,1.4,3.8,138,58.5,7,3.8,39.8,5.4,35,67,95,30,184
Juice,Latte,Iced,70,1.5,3.7,6.4,48,15.1,41,0.6,9.3,0.2,11,53,90,87,90
Juice,Espresso,Hot,98,10.8,4.8,1.0,33,18.2,80,6.6,32.0,24.6,37,47,30,42,242
Tea,Cola,Blended,136,15.9,4.3,4.4,454,62.5,20,5.2,23.1,9.6,40,47,79,93,204
Soda,Orange Juice,Blended,417,13.2,1.3,10.0,466,80.5,24,5.6,20.9,23.0,34,84,19,70,57
Tea,Mango Smoothie,Blended,498,9.2,0.8,5.9,427,15.2,46,6.0,35.3,5.4,16,83,15,29,278
Smoothie,Cola,Hot,499,2.6,3.7,3.0,145,20.1,88,7.8,10.6,0.7,47,100,19,95,245
Smoothie,Green Tea,Iced,198,3.1,3.2,6.9,142,12.2,2,2.4,39.7,15.2,65,56,29,99,47
Soda,Green Tea,Iced,390,2.0,0.1,1.7,164,72.5,76,4.8,47.5,28.1,58,85,61,8,256
Coffee,Latte,Blended,325,17.1,2.6,8.8,314,95.4,22,8.0,40.4,24.5,1,58,72,8,72
Juice,Latte,Blended,391,15.7,0.6,7.0,425,67.0,91,5.1,36.4,22.7,81,94,34,82,262
Soda,Lemonade,Hot,237,12.3,2.3,4.8,305,74.9,27,4.4,25.3,6.9,1,90,39,70,52
Tea,Lemonade,Iced,245,3.1,4.8,7.4,334,54.7,12,9.1,43.3,7.0,42,31,69,37,198
Juice,Lemonade,Iced,230,19.4,2.8,9.8,344,73.9,48,9.0,44.4,9.6,10,29,100,21,248
Juice,Green Tea,Hot,437,17.2,3.6,6.0,362,66.0,20,5.8,17.9,17.5,4,25,68,73,166
Smoothie,Cola,Iced,433,14.0,4.9,9.2,228,48.2,38,9.5,43.5,11.3,62,91,24,35,176
Juice,Espresso,Hot,476,10.0,2.9,9.3,399,15.0,43,4.9,7.0,6.2,3,70,97,48,49
Coffee,Mango Smoothie,Iced,482,13.1,3.4,6.8,423,94.6,89,0.3,49.7,13.8,14,72,2,51,60
Soda,Orange Juice,Blended,258,0.9,4.9,7.1,175,92.6,56,0.7,11.2,1.3,52,28,12,50,95
Juice,Mango Smoothie,Blended,123,3.6,4.2,2.5,428,54.8,28,9.9,31.9,28.1,95,92,87,31,17
Juice,Espresso,Hot,275,7.3,2.2,9.6,439,37.9,24,9.3,45.3,1.6,8,77,49,37,119
Juice,Cola,Iced,193,19.7,0.6,5.4,291,89.3,78,7.9,21.5,3.1,33,1,72,30,159
Tea,Orange Juice,Iced,353,11.3,4.6,1.9,157,88.6,68,3.8,30.8,0.3,67,31,77,29,263
Smoothie,Cola,Hot,158,5.9,2.8,8.3,164,59.2,73,7.7,34.2,0.9,12,47,23,3,266
Coffee,Mango Smoothie,Hot,454,11.9,2.7,9.1,66,41.3,10,4.1,36.1,17.8,84,79,17,32,57
Coffee,Lemonade,Blended,284,16.5,3.2,1.5,190,49.5,3,7.3,32.7,25.7,93,45,56,42,224
Smoothie,Lemonade,Hot,246,10.8,3.5,8.5,5,73.5,29,2.5,21.0,1.1,88,42,45,29,257
Smoothie,Lemonade,Iced,230,7.4,2.2,5.1,317,9.2,97,4.8,20.1,12.8,71,73,32,63,21
Soda,Espresso,Iced,423,10.7,3.0,2.8,73,59.1,72,0.7,38.4,26.0,92,83,57,81,262
Smoothie,Green Tea,Iced,131,19.3,4.5,0.2,314,21.8,10,9.6,49.4,12.2,2,28,23,60,101
Soda,Espresso,Blended,54,4.0,1.7,2.4,161,76.4,100,3.0,33.5,2.0,94,37,76,1,115
Smoothie,Espresso,Blended,444,0.5,0.2,1.5,459,5.1,38,9.3,49.0,3.1,54,66,21,99,261
Tea,Latte,Hot,94,16.6,4.7,9.5,325,63.4,21,6.7,20.2,0.6,82,82,6,45,62
Juice,Espresso,Blended,288,1.6,3.4,8.9,458,25.7,73,1.2,14.6,29.2,31,76,93,68,220
Coffee,Mango Smoothie,Iced,285,9.3,1.6,3.8,331,29.4,57,4.9,35.9,7.3,85,55,62,32,51
Smoothie,Lemonade,Blended,339,3.7,1.6,5.5,488,4.6,60,5.4,38.3,0.0,23,27,33,85,116
Coffee,Green Tea,Blended,362,0.3,4.2,3.4,181,7.4,29,0.7,7.2,6.4,90,48,94,48,124
Juice,Orange Juice,Blended,322,5.4,0.9,6.5,201,6.4,18,7.3,8.6,20.0,4,32,30,56,234
Juice,Cola,Iced,467,10.2,2.9,0.6,192,68.8,74,6.3,17.7,24.3,17,72,40,64,187
Coffee,Latte,Iced,445,3.3,2.2,5.9,292,4.9,89,3.3,26.8,2.7,56,100,75,34,237
Coffee,Cola,Iced,456,19.7,2.0,4.8,432,32.6,61,3.1,40.9,20.0,79,20,40,18,290
Tea,Iced Tea,Blended,201,11.6,2.5,0.9,386,40.6,26,3.0,9.4,29.4,61,83,39,97,113
Smoothie,Cola,Blended,429,19.4,3.7,5.5,141,83.4,91,7.3,38.0,5.0,33,34,18,32,178
Tea,Lemonade,Iced,185,5.2,1.1,9.1,321,90.1,12,9.7,38.7,5.7,4,96,36,50,229
Smoothie,Iced Tea,Blended,175,11.4,1.5,2.8,366,77.6,12,4.6,43.4,23.2,95,50,22,2,144
Smoothie,Espresso,Blended,451,19.4,1.8,2.2,210,89.3,82,1.2,33.0,18.1,21,36,33,17,56
Tea,Orange Juice,Hot,62,18.6,2.0,8.4,387,44.5,10,4.3,36.2,10.7,91,23,18,46,224
Coffee,Lemonade,Blended,485,4.6,4.3,6.4,123,70.2,80,9.0,10.4,2.8,41,51,72,38,56
Soda,Mango Smoothie,Iced,202,9.0,0.9,3.3,253,47.3,50,9.7,21.6,11.6,30,63,92,0,68
Juice,Green Tea,Iced,337,3.9,3.9,0.7,471,5.4,96,1.0,29.5,10.1,0,63,9,54,30
Juice,Green Tea,Iced,397,18.3,2.8,8.7,119,52.3,12,5.2,49.0,17.8,4,18,36,29,277
Smoothie,Cola,Iced,148,15.0,3.8,9.5,434,24.3,90,6.2,30.6,26.0,45,15,20,65,122
Soda,Mango Smoothie,Iced,102,17.3,0.7,0.7,227,57.8,5,5.1,10.2,27.4,73,47,57,32,255
Smoothie,Mango Smoothie,Hot,335,19.6,3.8,2.8,497,47.1,40,4.8,4.0,4.8,45,16,73,3,219
Soda,Latte,Hot,193,0.4,4.1,4.0,59,91.7,90,7.2,11.3,21.5,58,68,54,68,1
Coffee,Green Tea,Iced,318,15.9,0.7,6.0,325,82.2,4,4.4,32.7,11.0,93,84,3,11,219
Tea,Mango Smoothie,Iced,107,7.3,0.4,9.4,153,47.4,1,8.6,38.5,20.6,82,6,0,71,79
Tea,Latte,Hot,236,14.2,1.6,7.8,149,27.1,77,6.0,21.1,3.0,32,66,52,83,220
Juice,Green Tea,Iced,172,7.0,0.6,7.0,40,62.8,39,1.1,4.3,21.7,36,33,68,22,216
Smoothie,Green Tea,Blended,67,14.2,1.9,0.2,467,25.1,31,4.1,18.2,20.4,60,32,78,30,162
Juice,Espresso,Blended,146,5.8,0.4,2.2,337,47.8,61,2.4,10.5,14.6,4,82,20,56,28
Smoothie,Espresso,Blended,61,4.9,4.5,3.9,320,61.3,77,0.7,5.1,12.0,20,60,89,94,276
Coffee,Orange Juice,Blended,390,5.7,0.5,4.5,57,61.3,88,3.6,17.1,17.3,35,12,15,22,214
Smoothie,Green Tea,Hot,407,10.8,3.7,4.4,275,48.4,20,6.1,7.8,5.9,98,42,68,46,243
Juice,Green Tea,Iced,123,12.2,2.3,6.3,20,25.0,46,3.4,13.8,13.7,13,69,38,30,236
Tea,Latte,Blended,97,1.5,4.4,8.3,339,26.6,49,9.1,45.2,16.0,2,24,47,44,215
Soda,Orange Juice,Blended,111,8.8,3.0,7.7,211,44.1,12,4.6,25.8,28.2,26,53,53,18,263
Soda,Green Tea,Iced,415,19.3,0.3,0.6,363,45.9,7,3.0,42.5,21.4,32,99,67,96,292
Smoothie,Iced Tea,Hot,425,9.3,3.1,2.3,113,1.1,17,8.7,2.0,28.1,89,45,52,73,81
Juice,Lemonade,Hot,203,4.3,1.8,2.7,142,89.0,87,1.0,37.8,27.6,63,98,7,14,262
Tea,Iced Tea,Iced,84,1.4,3.5,1.7,477,37.6,88,6.9,0.6,10.7,58,23,33,6,282
Coffee,Cola,Hot,343,10.0,0.4,6.0,288,34.7,49,6.2,29.7,13.5,29,42,28,73,187
Smoothie,Lemonade,Blended,88,11.5,2.5,3.8,216,17.0,72,0.2,9.5,5.8,0,42,97,35,218
Soda,Espresso,Blended,84,15.5,4.2,3.5,248,90.2,46,1.3,21.4,11.6,94,46,79,43,109
Juice,Lemonade,Hot,189,10.4,4.5,8.0,42,34.6,65,9.5,22.7,1.4,63,73,53,97,254
Coffee,Latte,Iced,346,11.3,4.9,6.8,493,50.6,23,7.9,30.4,15.8,18,3,77,31,241
Tea,Orange Juice,Blended,87,9.9,3.7,1.1,496,40.6,45,0.1,12.7,28.1,0,50,46,10,198
Soda,Orange Juice,Hot,443,14.3,2.4,3.0,189,80.1,36,7.8,7.3,19.1,54,39,61,72,144
Smoothie,Cola,Hot,98,9.3,1.1,5.4,433,50.2,79,5.8,3.9,16.6,77,72,89,60,150
Juice,Mango Smoothie,Blended,193,12.1,1.4,2.2,355,76.2,16,0.5,31.2,29.2,95,43,62,14,238
Juice,Iced Tea,Hot,219,3.2,0.2,2.1,148,42.8,43,2.5,20.8,11.2,75,12,32,45,156
Juice,Orange Juice,Iced,311,14.3,1.8,8.6,73,67.0,24,9.9,12.0,24.6,33,50,29,38,6
Coffee,Lemonade,Iced,205,12.1,3.4,7.5,356,15.0,80,7.7,18.3,18.5,55,41,11,100,36
Coffee,Iced Tea,Hot,224,8.9,4.8,8.0,391,8.3,51,4.2,28.2,3.1,11,22,67,12,246
Coffee,Iced Tea,Iced,442,16.1,1.1,8.9,0,74.9,24,2.3,43.3,1.9,13,93,93,99,236
Smoothie,Mango Smoothie,Blended,189,15.4,0.7,4.3,486,96.5,52,1.2,47.8,9.3,64,39,70,0,115
Tea,Green Tea,Iced,126,10.4,3.6,6.4,181,64.3,56,7.6,13.4,11.5,79,68,73,90,109
Smoothie,Iced Tea,Hot,105,3.1,3.2,2.0,77,20.5,69,4.9,37.2,26.4,48,77,89,79,280
Juice,Cola,Hot,105,2.0,2.3,5.4,324,28.2,61,0.5,16.5,17.2,59,11,96,80,147
Soda,Green Tea,Iced,480,4.0,0.7,6.3,422,75.9,22,5.1,11.5,3.1,28,77,78,76,17
Tea,Espresso,Hot,153,2.6,4.7,8.9,445,58.0,9,3.9,20.5,2.9,42,89,74,46,19
Soda,Iced Tea,Hot,247,18.1,1.0,2.8,89,13.7,39,0.5,5.4,6.1,16,80,4,16,232
Tea,Mango Smoothie,Iced,409,2.5,1.0,2.4,0,20.2,3,1.1,42.4,25.0,96,79,11,38,198
Coffee,Espresso,Blended,201,10.4,3.2,6.6,467,33.3,60,9.8,25.1,14.0,38,83,97,27,0
Soda,Espresso,Hot,231,0.6,0.5,4.0,307,85.3,51,1.1,2.3,7.8,79,95,52,26,117
Soda,Green Tea,Hot,179,15.2,2.9,7.7,193,10.4,89,9.7,8.4,29.2,17,32,70,13,250
Smoothie,Cola,Blended,377,10.7,0.4,5.4,409,25.9,47,4.1,40.0,12.2,58,14,52,14,245
Tea,Orange Juice,Blended,356,6.1,2.7,1.0,15,40.1,54,7.1,20.4,15.5,23,50,94,1,184
Soda,Mango Smoothie,Hot,69,16.0,3.7,3.3,184,82.4,13,1.4,28.6,17.1,30,80,48,81,246
Soda,Orange Juice,Iced,474,19.3,2.6,4.0,112,64.2,50,0.1,23.4,29.8,42,52,37,57,109
Juice,Latte,Blended,122,3.6,3.7,5.6,296,60.7,53,8.6,0.6,8.3,48,52,31,31,119
Soda,Espresso,Hot,171,0.1,2.3,0.5,207,81.9,25,4.7,31.3,25.9,55,47,44,19,54
Juice,Mango Smoothie,Blended,363,2.5,0.7,5.0,492,7.8,33,2.1,29.7,18.5,37,61,94,98,15
Juice,Iced Tea,Iced,335,15.0,1.9,4.4,174,38.6,15,9.5,40.4,7.2,51,26,50,15,18
Smoothie,Cola,Blended,160,12.3,3.3,2.8,318,40.6,97,5.6,32.2,13.6,27,93,23,25,217
Juice,Lemonade,Iced,194,18.0,2.2,0.0,455,21.5,13,8.1,13.8,18.7,54,75,36,90,265
Soda,Green Tea,Hot,64,12.3,2.8,1.7,476,68.1,54,2.2,10.8,0.6,91,73,63,13,47
Juice,Latte,Blended,88,8.5,2.4,8.7,362,34.6,29,6.5,49.3,13.4,47,15,81,79,36
Coffee,Espresso,Blended,150,12.3,4.5,2.7,249,39.5,3,9.9,49.8,5.9,32,47,48,79,145
Tea,Lemonade,Blended,239,11.2,2.8,6.7,495,18.5,15,4.6,37.9,12.2,51,64,0,67,121
Coffee,Latte,Iced,79,9.9,0.5,9.6,187,41.4,65,7.8,7.3,22.5,47,58,55,65,26
Coffee,Lemonade,Iced,446,19.9,1.5,6.1,307,13.6,79,1.7,29.1,2.4,1,34,12,33,172
Tea,Lemonade,Iced,111,18.4,0.0,8.6,422,62.6,24,8.6,47.3,13.5,50,53,84,81,245
Coffee,Espresso,Hot,263,13.4,3.4,7.6,161,82.3,58,4.6,28.1,4.6,10,4,83,73,100
Soda,Mango Smoothie,Blended,358,0.6,4.0,0.4,290,23.7,3,3.0,9.4,15.7,25,23,21,27,80
Juice,Cola,Hot,442,11.0,3.4,7.8,269,59.8,38,9.3,45.3,23.2,60,95,55,60,244
Coffee,Espresso,Iced,238,15.9,1.8,6.6,399,4.1,29,3.7,13.5,21.8,58,98,4,7,149
Juice,Latte,Iced,193,1.1,4.9,0.6,429,76.5,66,2.0,26.5,18.9,36,96,82,38,165
Soda,Latte,Blended,348,6.6,2.2,7.8,205,31.6,20,4.3,18.3,1.5,24,76,13,45,286
Tea,Orange Juice,Hot,286,11.3,2.3,6.0,130,31.5,7,2.1,7.5,8.2,51,35,50,27,150
Coffee,Iced Tea,Iced,336,19.9,4.4,5.0,299,60.2,47,1.3,30.6,26.4,66,43,72,38,23
Coffee,Latte,Iced,228,6.4,1.3,1.3,289,55.9,8,8.7,22.3,14.2,31,94,88,91,111
Coffee,Green Tea,Hot,222,14.9,2.2,0.5,352,92.5,48,9.9,37.8,18.1,85,67,54,46,166
Soda,Iced Tea,Hot,334,7.6,1.6,2.5,138,18.2,34,7.5,2.7,18.7,91,61,37,94,300
Tea,Cola,Hot,58,4.4,0.5,8.3,63,8.0,99,0.7,2.0,28.6,89,28,40,71,156
Smoothie,Orange Juice,Hot,407,6.9,1.5,1.7,11,14.0,15,3.9,22.9,6.1,66,5,33,59,103
Tea,Mango Smoothie,Blended,415,17.9,1.8,5.1,131,93.0,60,5.5,17.2,9.5,40,18,90,100,107
Coffee,Iced Tea,Iced,227,1.7,4.4,8.3,435,70.4,26,6.3,15.8,7.7,96,100,12,40,234
Smoothie,Lemonade,Hot,421,19.5,3.4,0.7,147,41.6,69,10.0,19.3,24.1,82,59,24,66,90
Smoothie,Orange Juice,Blended,392,9.1,1.9,7.1,75,51.2,24,1.6,11.2,15.1,7,16,0,7,290
Coffee,Green Tea,Blended,288,17.5,0.7,5.6,370,97.9,45,0.0,12.1,4.9,43,48,20,76,216
Smoothie,Orange Juice,Iced,244,7.7,1.3,0.7,36,47.6,1,8.7,2.6,0.4,91,44,29,42,285
Soda,Latte,Iced,277,0.8,2.0,1.6,8,92.8,35,1.0,27.2,2.7,67,35,3,41,205
Coffee,Espresso,Blended,344,18.5,4.6,7.7,286,25.9,12,2.0,24.9,13.5,97,90,87,54,233
Tea,Iced Tea,Iced,261,17.7,4.6,1.6,361,88.1,10,4.8,0.4,29.4,57,76,44,11,238
Smoothie,Latte,Blended,266,6.6,4.6,0.3,256,32.0,96,8.4,40.7,28.5,59,39,6,8,218
Coffee,Espresso,Hot,486,3.0,4.3,1.0,61,31.9,67,2.6,32.8,5.9,6,45,32,90,83
Juice,Lemonade,Hot,163,7.4,0.0,9.0,321,82.9,21,5.3,18.4,9.2,8,8,21,15,220
Smoothie,Orange Juice,Hot,407,16.4,4.7,6.1,59,61.1,65,6.8,11.9,25.6,27,37,89,22,118
Smoothie,Espresso,Hot,388,9.1,2.4,1.0,150,18.9,25,2.0,32.9,4.1,43,53,4,58,13
Soda,Cola,Hot,451,15.4,4.6,8.0,356,82.3,17,1.5,15.7,24.1,10,96,77,77,171
Smoothie,Orange Juice,Hot,483,12.7,2.1,8.1,61,33.8,85,4.1,33.2,29.1,45,39,93,39,255
Tea,Cola,Iced,421,10.4,1.4,3.3,398,92.0,60,2.9,18.6,25.6,41,86,17,94,110
Soda,Green Tea,Hot,297,10.8,3.9,7.6,339,10.0,93,5.1,3.6,18.8,9,47,30,69,234
Smoothie,Lemonade,Blended,90,0.7,1.5,9.2,385,95.8,52,4.5,48.5,8.6,10,23,10,5,282
Juice,Iced Tea,Hot,415,0.0,1.2,7.4,400,39.9,97,6.7,8.1,8.1,15,62,27,55,60
Tea,Latte,Iced,419,9.2,4.6,9.9,134,15.2,20,6.0,31.6,1.4,58,48,31,44,230
Tea,Cola,Hot,220,3.9,2.8,0.8,298,54.0,6,3.4,29.6,15.7,43,36,63,49,279
Tea,Orange Juice,Hot,131,8.8,2.9,9.5,25,65.2,40,6.3,20.9,8.2,92,79,83,93,214
Coffee,Green Tea,Iced,230,2.1,2.6,1.9,472,85.8,57,5.7,32.6,15.8,77,9,91,92,277
Juice,Iced Tea,Blended,269,12.4,0.0,3.6,43,7.9,39,5.8,47.3,2.8,90,2,34,34,56
Coffee,Lemonade,Iced,258,11.5,0.5,3.9,59,83.2,7,9.8,35.4,11.1,79,35,9,30,166
Coffee,Lemonade,Hot,68,17.0,2.3,6.1,474,84.6,96,0.6,4.1,21.7,40,6,89,51,147
Coffee,Green Tea,Iced,61,16.1,1.4,3.8,295,66.9,18,2.4,27.3,12.3,58,26,38,39,186
Juice,Lemonade,Hot,387,14.9,1.5,6.7,149,70.9,42,5.2,46.0,3.3,53,25,64,61,62
Juice,Green Tea,Iced,222,9.2,0.9,4.2,234,86.3,32,3.7,2.7,12.8,11,17,38,3,159
Soda,Iced Tea,Iced,362,1.7,3.5,8.6,292,32.1,23,4.8,43.4,12.2,100,38,89,36,191
Soda,Orange Juice,Iced,334,18.8,2.5,7.1,416,64.3,39,7.4,16.3,20.2,73,94,57,18,48
Smoothie,Orange Juice,Blended,218,17.0,0.7,2.4,159,4.4,76,3.2,12.2,16.6,97,78,57,13,82
Smoothie,Orange Juice,Hot,432,13.3,3.1,9.4,220,85.3,61,0.1,4.6,29.5,53,13,54,22,138
Juice,Iced Tea,Hot,165,16.6,3.8,4.9,193,8.2,77,8.5,28.5,21.4,32,89,62,16,226
Juice,Lemonade,Iced,455,13.1,0.3,7.9,224,3.1,93,9.0,42.1,12.1,35,28,31,6,200
Smoothie,Espresso,Iced,60,6.2,0.3,9.4,102,57.2,11,2.8,0.7,9.3,88,8,93,68,4
Coffee,Orange Juice,Iced,472,14.6,1.3,4.3,24,33.9,25,7.4,36.5,26.1,47,45,45,38,239
Smoothie,Iced Tea,Iced,223,2.0,4.6,1.2,209,45.4,5,0.9,44.8,9.2,26,45,3,31,258
Smoothie,Lemonade,Iced,204,5.0,1.2,2.9,262,82.1,65,1.5,46.6,19.2,24,5,12,79,88
Coffee,Latte,Hot,54,9.2,3.1,3.0,479,16.9,71,3.9,4.5,1.0,5,80,45,84,53
Soda,Latte,Blended,396,8.0,1.7,0.8,422,26.5,15,5.6,7.7,6.1,13,5,82,79,246
Tea,Latte,Blended,198,8.0,4.3,1.6,263,14.9,16,3.8,26.9,22.7,88,78,25,88,85
Soda,Mango Smoothie,Iced,301,18.4,0.1,1.8,241,19.9,50,8.6,29.6,0.3,32,28,9,70,150
Coffee,Latte,Blended,70,9.4,1.9,3.1,407,7.4,29,0.6,45.6,19.2,47,31,24,66,89
Coffee,Espresso,Blended,117,15.5,4.5,5.3,368,63.5,65,6.2,24.8,22.5,7,33,88,75,103
Juice,Lemonade,Hot,478,15.8,3.4,9.1,487,63.8,3,6.9,49.1,12.7,89,28,12,68,123
Juice,Orange Juice,Iced,244,18.7,0.3,5.9,316,97.7,55,2.9,41.0,26.6,88,30,0,22,213
Coffee,Latte,Blended,255,1.5,2.6,8.0,383,23.2,45,1.6,0.2,7.7,63,10,2,47,132
Soda,Orange Juice,Blended,55,1.2,1.2,1.8,70,52.3,72,2.0,1.5,11.2,95,33,76,14,283
Coffee,Latte,Blended,57,2.9,2.4,2.1,426,60.7,22,8.6,19.3,2.1,23,8,12,73,142
Juice,Green Tea,Hot,493,18.1,0.9,7.1,283,59.4,65,6.7,39.3,6.9,80,11,5,82,63
Juice,Cola,Hot,378,14.3,2.6,4.3,373,84.0,89,0.8,12.9,23.5,4,17,95,64,57
Smoothie,Latte,Blended,79,8.1,2.9,3.3,127,41.9,28,7.1,6.6,11.2,65,24,36,54,111
Tea,Mango Smoothie,Blended,367,8.4,1.8,6.3,283,35.8,27,6.2,46.1,25.3,9,71,91,18,271
Juice,Espresso,Iced,236,0.7,2.1,0.3,465,42.8,68,9.7,14.4,4.6,56,63,28,55,92
Coffee,Mango Smoothie,Iced,399,17.4,3.9,7.7,172,1.1,90,5.1,38.2,14.2,45,12,9,93,217
Soda,Espresso,Blended,325,18.6,1.8,4.7,27,67.5,99,4.6,44.5,22.6,26,79,38,56,222
Smoothie,Espresso,Iced,438,14.1,4.9,8.8,392,15.9,21,6.0,48.2,1.0,61,0,63,60,217
Juice,Iced Tea,Blended,464,1.8,4.0,7.7,116,28.1,71,4.2,0.4,19.7,21,24,37,95,167
Tea,Orange Juice,Iced,196,8.8,0.5,6.3,94,9.8,1,4.0,43.8,10.1,28,41,92,34,45
Juice,Lemonade,Blended,447,5.1,4.2,4.3,159,92.2,79,8.9,39.0,25.6,83,50,87,38,179
Tea,Latte,Hot,402,15.1,0.5,5.1,313,18.7,36,0.6,31.8,6.9,13,56,63,59,300
Tea,Latte,Blended,226,7.6,2.1,1.8,49,60.3,76,2.2,38.4,16.3,52,97,22,66,265
Soda,Green Tea,Blended,224,15.9,2.1,7.4,378,56.6,2,1.9,49.0,26.8,18,16,87,2,84
Smoothie,Lemonade,Hot,270,18.8,1.7,1.9,81,8.8,100,2.7,16.1,21.3,32,24,67,100,61
Smoothie,Iced Tea,Hot,406,13.2,3.8,4.5,241,48.2,69,7.9,40.5,19.8,12,83,22,90,156
Juice,Lemonade,Blended,68,18.6,1.0,7.3,88,96.1,29,8.1,1.9,22.8,60,57,65,50,265
Soda,Cola,Hot,434,12.8,1.6,1.2,46,43.5,9,9.3,6.1,5.8,79,31,55,33,23
Coffee,Iced Tea,Hot,390,4.3,3.5,1.3,370,59.6,90,9.2,24.1,13.8,19,58,16,12,212
Soda,Green Tea,Blended,372,3.5,4.3,4.5,299,43.2,69,4.9,23.4,17.2,54,39,87,57,46
Smoothie,Espresso,Blended,346,17.9,0.1,8.9,372,75.7,91,9.2,30.2,26.6,25,62,26,18,264
Coffee,Cola,Blended,66,10.9,1.0,8.8,224,9.0,39,1.2,6.4,8.7,95,3,31,65,299
Soda,Latte,Blended,297,3.1,1.5,4.4,190,82.6,86,6.1,10.9,28.5,57,38,97,72,123
Coffee,Green Tea,Blended,457,1.4,0.6,9.6,186,24.1,29,8.9,13.9,6.3,2,95,20,23,159
Coffee,Lemonade,Hot,220,18.2,0.1,5.4,171,43.8,77,2.0,44.8,22.1,89,15,16,95,251
Smoothie,Cola,Iced,277,0.4,2.1,3.2,207,6.0,83,1.4,18.3,27.6,7,78,30,69,180
Juice,Green Tea,Hot,85,15.5,3.3,7.2,465,63.3,62,5.8,37.3,10.6,28,8,99,75,3
Tea,Espresso,Iced,354,2.1,4.7,7.5,254,67.4,29,8.1,6.7,2.3,7,54,37,26,295
Coffee,Green Tea,Iced,157,2.0,1.7,6.7,478,35.0,0,6.1,27.1,9.5,87,16,42,39,7
Smoothie,Mango Smoothie,Iced,239,2.6,0.7,8.2,361,17.7,50,4.8,9.8,29.6,8,28,34,54,27
Smoothie,Latte,Iced,273,3.6,2.5,0.0,142,87.7,85,8.1,29.9,18.0,92,22,70,95,72
Coffee,Espresso,Iced,210,16.3,2.5,1.9,75,23.0,49,10.0,49.6,24.7,66,40,33,19,271
Soda,Orange Juice,Iced,217,8.7,5.0,7.6,96,10.5,95,8.0,1.2,18.6,55,53,38,3,210
Coffee,Green Tea,Hot,198,5.7,4.9,0.4,41,16.1,72,8.1,6.5,14.9,24,72,58,98,128
Juice,Iced Tea,Hot,62,11.1,2.4,2.1,228,28.8,72,6.9,13.2,28.5,43,74,39,59,213
Smoothie,Mango Smoothie,Iced,398,13.4,0.1,6.3,76,35.7,80,9.2,39.8,10.1,14,15,83,84,248
Smoothie,Lemonade,Iced,392,17.7,3.3,4.9,29,38.0,24,0.8,5.0,9.1,27,52,52,77,300
Soda,Latte,Hot,255,1.8,2.5,1.5,259,45.2,13,3.5,33.5,29.7,48,6,12,68,75
Coffee,Lemonade,Hot,249,5.4,3.9,2.8,439,52.2,24,0.5,34.0,4.0,3,24,96,96,142
Tea,Latte,Hot,271,1.6,5.0,2.4,371,52.8,69,6.7,0.0,18.2,83,97,52,83,283
Soda,Cola,Hot,279,12.7,0.4,9.3,119,81.4,56,2.0,36.1,20.4,92,61,16,53,61
Smoothie,Mango Smoothie,Blended,244,18.9,3.4,7.2,42,73.5,79,5.2,33.9,16.0,76,95,34,76,265
Smoothie,Espresso,Blended,265,17.8,1.9,9.0,392,21.0,56,0.2,5.7,24.1,100,88,20,25,184
Tea,Cola,Blended,215,2.8,3.3,3.9,371,67.7,20,9.8,27.2,6.8,84,9,88,74,100
Smoothie,Mango Smoothie,Hot,123,6.3,2.5,1.2,152,30.6,69,3.3,30.4,7.4,68,46,28,14,97
Juice,Mango Smoothie,Blended,205,8.9,1.4,2.6,202,61.9,40,3.5,34.6,27.2,76,93,92,79,35
Coffee,Lemonade,Iced,386,19.5,1.1,0.3,33,27.0,68,7.1,0.6,15.9,65,69,36,96,275
Coffee,Lemonade,Hot,156,2.2,3.3,1.9,403,58.4,97,2.1,21.1,2.8,10,77,90,12,150
Smoothie,Mango Smoothie,Iced,183,17.4,4.9,6.6,264,59.1,30,7.4,39.0,7.3,2,20,18,74,6
Coffee,Cola,Blended,229,2.1,0.7,6.6,289,20.9,55,4.1,39.9,21.2,54,48,30,81,225
Soda,Latte,Iced,145,9.3,4.7,3.2,244,62.9,69,7.0,15.1,21.1,29,44,46,70,249
Soda,Mango Smoothie,Blended,52,0.0,4.8,2.9,237,8.9,45,4.3,47.2,3.4,17,95,57,56,229
Smoothie,Latte,Blended,322,3.2,3.7,1.1,246,6.6,25,7.3,25.4,15.7,54,54,14,32,279
Coffee,Cola,Blended,71,15.9,1.5,5.0,269,37.4,100,4.0,44.6,29.7,54,90,45,100,25
Soda,Lemonade,Iced,456,17.2,4.2,9.1,119,90.7,1,3.7,39.4,20.2,6,92,20,6,110
Juice,Latte,Hot,484,1.8,2.0,7.5,368,3.0,96,0.5,4.5,7.3,11,17,15,36,8
Tea,Lemonade,Blended,201,6.3,4.7,0.8,164,23.1,50,7.4,10.1,8.4,44,92,90,93,272
Tea,Latte,Blended,402,12.3,2.1,8.8,158,77.5,40,1.5,1.2,18.9,65,65,17,96,24
Soda,Iced Tea,Hot,245,4.7,1.4,8.6,388,0.1,91,0.5,28.7,19.9,85,18,93,77,294
Juice,Cola,Blended,362,5.6,1.6,3.8,246,7.0,72,2.5,39.6,16.2,49,90,16,7,62
Coffee,Latte,Iced,315,1.4,0.8,6.5,66,21.1,36,7.2,48.9,19.6,93,0,6,88,147
Coffee,Latte,Blended,86,14.2,0.3,1.9,378,38.0,60,8.5,38.7,25.5,55,12,73,46,100
Soda,Latte,Hot,336,6.1,3.1,0.9,122,2.2,67,8.7,39.8,22.9,94,30,64,39,163
Juice,Lemonade,Blended,419,16.6,0.3,6.8,121,73.0,8,0.5,48.0,27.7,92,95,89,54,272
Juice,Espresso,Iced,463,9.2,3.9,4.5,197,61.1,71,1.3,24.2,16.5,45,43,9,28,250
Smoothie,Cola,Hot,340,14.2,3.2,4.3,299,1.5,39,6.8,21.1,12.2,13,86,12,58,109
Coffee,Espresso,Hot,427,4.5,3.6,9.5,325,44.3,34,6.8,16.9,20.8,55,35,84,8,76
Tea,Iced Tea,Hot,257,10.7,2.3,1.8,492,24.7,22,7.1,29.1,9.7,69,36,27,63,11
Soda,Mango Smoothie,Hot,175,2.3,4.5,2.4,375,74.1,45,1.1,40.5,21.0,61,53,78,7,55
Tea,Lemonade,Blended,408,5.6,0.0,6.3,487,39.5,77,3.9,25.8,2.6,54,80,93,94,253
Soda,Lemonade,Iced,171,5.6,4.0,3.9,183,25.4,47,7.6,13.4,28.2,97,41,45,57,213
Coffee,Cola,Iced,281,13.2,1.8,0.2,393,38.9,51,2.0,35.0,2.2,83,8,38,54,186
Soda,Latte,Blended,110,4.4,3.2,7.0,102,26.7,88,0.6,33.7,21.5,33,30,11,65,69
Tea,Orange Juice,Hot,242,9.9,4.1,5.4,270,37.0,38,0.4,19.2,11.5,31,73,2,2,119
Smoothie,Orange Juice,Blended,396,6.1,4.2,4.6,440,93.8,8,5.3,45.8,13.7,23,86,58,28,107
Juice,Latte,Blended,384,14.6,1.5,3.6,148,51.9,41,9.4,2.9,4.8,77,76,72,4,211
Soda,Cola,Iced,196,3.5,0.2,5.7,109,94.4,70,2.2,19.5,9.4,55,1,40,24,179
Juice,Lemonade,Iced,434,7.0,0.0,8.4,387,64.2,36,7.5,19.3,24.7,50,0,88,47,106
Tea,Iced Tea,Hot,406,17.8,0.1,0.5,425,34.8,66,6.6,48.8,27.0,81,82,77,16,283
Tea,Espresso,Blended,138,6.0,4.9,7.0,335,98.7,75,9.4,35.0,2.3,53,3,11,61,6
Smoothie,Orange Juice,Iced,412,3.4,3.6,6.8,67,88.5,81,4.8,48.8,24.2,39,25,11,43,95
Juice,Orange Juice,Hot,429,10.0,0.9,0.1,474,53.6,71,3.3,30.8,27.4,52,46,25,45,189
Coffee,Orange Juice,Blended,314,13.2,3.8,8.5,137,18.5,17,6.9,21.9,19.3,90,12,53,88,179
Smoothie,Cola,Iced,304,1.5,4.6,9.4,460,0.6,29,5.1,8.2,4.2,51,47,71,59,277
Tea,Latte,Blended,477,18.1,3.7,8.6,266,63.5,79,2.5,34.1,11.5,53,7,27,49,30
Juice,Cola,Blended,452,1.7,0.8,7.7,83,4.9,94,0.4,9.7,16.7,62,30,4,23,283
Juice,Lemonade,Iced,160,5.8,1.0,4.3,143,54.1,73,8.6,20.4,25.8,81,41,37,93,188
Smoothie,Mango Smoothie,Hot,266,10.3,0.9,2.3,133,53.0,81,2.5,32.7,28.8,27,2,66,1,295
Coffee,Latte,Iced,98,7.1,0.6,1.0,424,74.9,51,7.9,24.8,8.4,77,16,77,12,89
Tea,Espresso,Iced,420,8.1,2.3,8.2,289,32.0,26,9.6,0.8,7.5,57,85,52,41,57
Juice,Green Tea,Hot,249,1.1,1.6,1.0,145,64.7,60,1.2,35.3,1.0,53,10,63,73,90
Coffee,Cola,Blended,249,14.7,3.4,8.5,179,32.5,68,7.3,4.2,7.8,13,9,9,97,41
Juice,Espresso,Blended,367,18.0,1.4,1.5,110,95.5,64,5.1,31.8,20.9,40,11,46,29,276
Smoothie,Lemonade,Hot,368,2.9,1.6,4.7,255,76.7,23,1.1,25.7,21.4,64,89,63,16,232
Juice,Cola,Iced,87,5.5,3.6,4.3,447,90.1,65,6.8,1.9,22.1,88,85,53,81,215
Soda,Iced Tea,Blended,368,16.1,0.8,3.5,98,87.9,91,6.8,24.1,17.0,92,76,81,14,56
Smoothie,Lemonade,Blended,177,5.7,0.5,4.5,465,55.6,76,2.0,16.1,9.8,83,17,76,71,119
Tea,Mango Smoothie,Blended,173,17.5,1.6,4.1,186,5.2,4,8.0,26.4,11.2,80,98,52,48,285
Smoothie,Cola,Iced,390,17.8,0.6,7.7,29,53.7,78,1.2,1.0,16.0,82,93,18,33,286
Smoothie,Green Tea,Blended,71,2.8,3.9,0.2,314,56.3,11,5.2,42.0,5.1,20,42,63,66,229
Coffee,Iced Tea,Hot,389,15.1,0.9,2.4,349,53.9,27,6.8,21.5,3.3,24,53,22,86,236
Tea,Orange Juice,Hot,388,16.2,4.6,2.1,55,0.6,74,3.2,1.7,26.8,14,15,39,0,175
Coffee,Lemonade,Hot,337,4.5,2.9,1.6,15,48.4,11,8.0,22.8,23.0,89,5,70,12,229
Tea,Mango Smoothie,Iced,190,11.4,3.5,5.8,352,17.4,37,7.0,39.7,18.8,21,74,18,58,39
Soda,Espresso,Iced,317,0.9,4.9,4.9,285,21.2,41,2.4,9.5,11.4,69,8,51,0,277
Coffee,Espresso,Iced,215,12.7,2.6,5.1,50,46.7,50,7.5,40.4,21.4,52,66,49,70,112
Smoothie,Orange Juice,Iced,439,17.7,1.5,7.8,242,97.1,91,7.9,1.5,18.7,77,87,12,80,280
Coffee,Green Tea,Blended,206,4.5,2.4,4.8,178,31.6,79,0.5,6.2,6.2,47,97,41,93,71
Tea,Orange Juice,Iced,293,11.0,4.4,7.3,308,99.7,86,4.4,41.5,18.9,60,9,98,26,10
Soda,Green Tea,Hot,128,3.1,3.6,4.6,438,76.3,80,7.9,1.2,5.8,71,87,12,39,278
Soda,Iced Tea,Hot,194,12.0,1.3,5.5,277,68.6,61,4.0,0.4,0.7,0,38,64,69,229
Tea,Latte,Blended,441,18.3,3.8,4.2,481,26.3,37,3.5,27.8,12.1,86,25,68,88,254
Tea,Cola,Blended,169,8.1,1.2,8.5,187,63.7,79,2.2,19.1,8.4,44,28,20,91,119
Coffee,Green Tea,Hot,89,2.5,2.2,2.8,360,9.4,63,8.7,9.7,13.8,86,86,79,48,107
Tea,Latte,Blended,175,7.2,1.9,2.4,11,72.0,50,9.5,14.0,22.5,93,11,15,66,146
Juice,Orange Juice,Iced,483,15.4,4.4,9.9,277,97.4,0,3.5,24.4,2.6,31,51,25,25,82
Juice,Iced Tea,Iced,101,14.9,0.6,8.0,362,11.0,53,3.0,46.3,8.1,10,62,30,38,174
Coffee,Green Tea,Hot,370,16.0,1.7,5.9,438,35.9,37,1.5,1.8,5.3,21,27,26,99,258
Coffee,Espresso,Blended,90,4.8,0.7,2.0,441,0.1,20,9.2,14.5,7.5,31,84,33,42,206
Juice,Green Tea,Blended,88,3.1,2.0,7.4,110,26.4,2,1.9,42.3,10.7,93,66,2,77,271
Smoothie,Iced Tea,Hot,218,6.3,1.7,8.9,75,32.9,17,2.5,44.8,3.0,65,97,48,71,59
Smoothie,Latte,Iced,492,11.3,1.9,7.4,203,71.5,54,9.6,25.8,24.5,85,79,42,61,156
Tea,Latte,Iced,215,15.4,2.8,3.4,45,44.0,29,1.1,13.0,25.2,88,22,26,85,269
Smoothie,Iced Tea,Iced,403,14.6,4.9,5.4,127,58.1,15,3.2,9.4,3.6,31,19,82,69,170
Tea,Iced Tea,Hot,330,3.4,1.8,7.8,57,83.0,81,7.5,35.2,23.6,67,15,3,48,36
Juice,Iced Tea,Iced,292,8.4,4.3,5.1,175,45.8,5,5.5,49.0,29.0,2,96,99,44,53
Coffee,Green Tea,Iced,342,15.1,0.3,9.1,439,19.3,34,3.0,11.3,25.4,38,13,79,76,136
Juice,Green Tea,Hot,205,10.7,3.2,7.2,483,67.5,57,1.1,26.8,30.0,15,88,32,46,167
Tea,Espresso,Iced,280,10.4,2.6,6.7,490,43.1,50,6.7,40.7,19.4,56,37,39,29,14
Tea,Mango Smoothie,Hot,248,17.7,3.9,5.0,158,23.5,51,7.2,46.1,1.5,38,54,73,6,256
Soda,Espresso,Iced,458,15.8,4.4,7.8,236,90.6,39,5.3,41.4,23.5,3,39,21,91,132
Tea,Mango Smoothie,Blended,211,14.0,4.7,8.8,341,3.2,96,8.7,38.8,9.2,19,28,78,77,232
Juice,Cola,Blended,367,1.9,4.0,0.9,41,46.9,74,7.9,12.1,18.9,72,99,11,41,12
Soda,Lemonade,Hot,306,12.7,2.1,8.6,479,97.0,71,5.4,7.1,5.9,48,76,5,79,162
Tea,Latte,Blended,196,10.8,4.4,9.9,410,64.9,100,8.9,22.0,26.7,97,69,42,16,267
Tea,Iced Tea,Blended,435,0.4,0.6,2.0,402,26.0,46,4.8,0.1,2.5,64,48,64,93,108
Tea,Mango Smoothie,Hot,446,19.4,3.8,2.3,311,25.4,64,6.5,34.5,0.5,23,83,22,37,291
Tea,Mango Smoothie,Blended,289,11.1,4.6,3.8,61,98.1,83,7.8,4.1,14.6,39,29,58,78,265
Juice,Green Tea,Blended,201,11.4,0.4,7.4,288,17.7,46,8.3,17.4,19.8,5,76,44,32,110
Tea,Espresso,Hot,377,13.8,3.2,2.4,203,67.6,90,3.2,4.9,18.2,12,28,54,49,242
Coffee,Cola,Blended,220,9.5,0.6,9.3,256,98.1,40,5.8,30.8,29.5,7,5,24,62,235
Juice,Orange Juice,Iced,350,8.9,0.4,1.7,47,37.5,34,6.0,6.2,10.2,55,46,12,10,104
Tea,Cola,Blended,269,4.7,2.8,1.7,4,60.2,43,1.8,13.3,30.0,78,37,0,60,95
Coffee,Mango Smoothie,Blended,306,5.3,1.1,3.0,331,86.7,9,3.4,24.1,21.3,53,47,49,53,290
Juice,Latte,Hot,291,14.9,3.4,1.6,81,64.4,69,1.8,40.3,11.9,12,60,22,34,288
Soda,Mango Smoothie,Blended,268,14.2,4.4,9.6,87,90.2,87,0.1,36.7,7.2,94,88,21,14,228
Soda,Orange Juice,Hot,435,16.8,0.2,5.6,458,8.1,7,2.1,16.8,26.2,93,93,0,31,92
Tea,Mango Smoothie,Hot,111,19.9,3.1,2.9,124,33.6,53,1.5,23.8,1.2,92,91,71,52,192
Soda,Orange Juice,Iced,260,6.2,2.8,6.0,23,83.0,75,4.3,34.0,9.1,2,55,8,91,92
Smoothie,Green Tea,Iced,330,13.4,3.4,8.4,379,25.0,93,8.5,25.8,8.0,4,58,29,41,100
Tea,Mango Smoothie,Iced,422,8.3,2.4,5.9,416,71.7,25,4.6,2.9,13.3,23,59,84,60,34
Soda,Lemonade,Iced,169,3.8,4.6,5.5,232,11.6,13,4.2,4.2,27.9,31,47,76,50,290
Soda,Lemonade,Blended,417,2.5,4.0,8.1,343,89.4,75,9.7,2.6,8.5,36,19,76,78,220
Smoothie,Lemonade,Hot,397,16.7,3.2,2.0,391,85.8,14,4.1,11.8,0.6,64,39,88,37,179
Smoothie,Mango Smoothie,Hot,288,3.9,4.3,6.7,164,12.4,19,4.7,0.1,8.8,47,43,87,81,140
Smoothie,Cola,Hot,140,8.5,1.4,0.3,437,95.5,30,4.8,32.5,23.1,62,58,66,54,142
Soda,Cola,Blended,142,11.3,4.2,2.8,121,20.1,64,1.8,31.1,20.5,65,77,92,54,266
Smoothie,Espresso,Hot,483,2.6,4.3,4.6,220,12.9,54,8.2,30.6,9.6,22,64,52,51,130
Smoothie,Lemonade,Hot,439,8.3,2.3,4.0,374,16.7,0,7.0,50.0,20.9,100,56,61,41,222
Soda,Latte,Iced,153,2.4,1.7,0.7,249,78.6,16,7.8,23.9,6.9,39,93,10,57,35
Smoothie,Iced Tea,Blended,403,10.4,3.1,1.3,484,41.9,18,4.7,37.5,23.6,76,43,55,25,145
Juice,Latte,Blended,291,11.8,1.0,3.1,336,28.6,12,3.0,34.7,25.7,70,4,93,4,71
Juice,Cola,Hot,271,16.4,1.9,0.5,434,12.1,92,8.9,16.6,14.6,96,99,61,84,268
Soda,Espresso,Blended,412,0.9,0.8,3.1,35,60.8,22,9.5,8.7,26.4,40,54,63,97,279
Tea,Green Tea,Hot,410,15.3,2.6,3.1,360,1.4,67,9.6,48.0,6.7,87,62,43,50,171
Juice,Mango Smoothie,Iced,112,2.3,4.0,3.0,429,91.4,83,0.3,5.0,19.5,96,49,79,62,30
Tea,Iced Tea,Iced,259,6.0,4.5,5.2,47,14.6,25,9.8,4.3,16.0,66,75,89,88,86
Coffee,Iced Tea,Iced,436,3.5,3.6,8.0,472,90.1,39,6.6,25.9,9.2,78,3,2,29,200
Juice,Lemonade,Iced,361,18.1,4.1,5.6,68,53.4,22,3.7,29.1,13.7,64,65,74,52,61
Smoothie,Mango Smoothie,Iced,383,5.4,2.1,7.3,224,79.3,11,6.6,17.3,11.5,58,19,65,58,128
Smoothie,Espresso,Hot,313,19.4,1.7,7.2,331,84.0,97,6.5,21.5,18.1,85,85,100,43,170
Smoothie,Orange Juice,Blended,317,10.3,4.4,3.0,198,45.0,26,4.0,46.8,19.9,46,89,2,64,141
Soda,Cola,Iced,347,18.6,1.2,5.8,42,46.3,6,3.4,16.1,24.8,20,90,12,81,39
Coffee,Green Tea,Iced,103,19.6,5.0,5.9,298,70.2,78,2.4,20.4,10.7,65,94,97,10,104
Soda,Mango Smoothie,Iced,379,4.0,1.0,6.3,481,89.7,61,4.0,39.7,17.4,80,45,63,9,250
Juice,Iced Tea,Hot,65,13.8,4.7,0.8,354,40.1,75,9.4,35.9,11.6,36,48,8,84,177
Smoothie,Green Tea,Hot,119,18.4,1.9,8.1,475,63.3,47,0.1,38.3,24.9,100,3,4,95,38
Tea,Iced Tea,Iced,71,19.4,2.4,9.9,50,12.7,70,6.7,16.2,3.1,49,24,98,32,235
Tea,Espresso,Iced,347,12.8,1.1,5.0,362,72.8,21,2.1,13.7,20.0,50,11,60,100,192
Tea,Cola,Hot,407,17.4,1.1,4.7,360,88.8,89,5.2,48.6,13.2,100,20,29,57,232
Coffee,Cola,Hot,489,3.8,0.3,0.3,304,61.6,31,7.5,24.0,4.7,18,97,36,24,26
Smoothie,Espresso,Hot,312,17.1,1.5,4.1,209,0.5,75,1.7,45.5,11.2,58,42,94,81,50
Coffee,Lemonade,Blended,332,5.3,4.9,4.4,389,96.8,80,3.8,47.5,4.7,70,45,69,35,91
Smoothie,Espresso,Blended,353,18.3,3.4,3.3,489,37.6,35,2.8,11.4,22.0,82,29,21,90,216
Coffee,Lemonade,Iced,166,13.3,2.8,6.3,43,77.1,9,9.5,47.7,15.4,65,94,32,56,209
Tea,Iced Tea,Iced,465,10.6,2.4,4.3,402,94.7,92,8.9,23.6,10.7,43,50,18,33,49
Soda,Cola,Blended,390,16.3,1.0,5.1,492,90.8,97,3.1,22.2,10.3,42,74,62,48,169
Juice,Espresso,Iced,188,10.4,0.1,1.2,435,23.6,95,7.7,43.7,18.7,0,77,79,93,175
Tea,Green Tea,Iced,481,5.1,0.6,6.6,59,59.9,27,2.9,18.5,3.4,16,86,54,40,258
Smoothie,Cola,Iced,68,12.6,1.0,2.6,405,98.4,90,5.8,10.9,6.5,56,50,46,7,219
Soda,Lemonade,Iced,322,12.3,4.1,0.5,118,24.6,57,5.1,0.9,12.2,55,12,100,60,122
Juice,Cola,Blended,467,6.1,3.4,5.7,392,59.0,26,8.2,10.9,5.1,14,13,36,100,27
Smoothie,Green Tea,Hot,228,14.7,0.4,6.4,165,32.0,81,7.2,8.8,20.1,78,81,82,34,233
Tea,Latte,Iced,479,7.3,0.5,9.4,91,35.5,7,3.0,26.0,13.2,28,61,62,93,159
Juice,Lemonade,Hot,432,13.9,3.8,6.8,154,44.5,2,2.2,16.8,17.9,85,10,79,93,144
Soda,Latte,Blended,117,12.5,0.1,2.3,175,40.8,8,6.1,7.8,6.1,23,5,0,28,281
Smoothie,Lemonade,Blended,181,6.0,4.0,7.9,109,98.2,51,7.7,3.2,2.0,56,100,52,64,218
Smoothie,Lemonade,Hot,453,4.3,4.4,7.1,105,25.0,82,0.5,27.9,23.5,65,48,97,16,275
Tea,Mango Smoothie,Iced,422,19.9,0.8,8.4,25,61.8,47,8.9,6.2,21.9,55,22,59,65,45
Tea,Lemonade,Blended,150,16.7,0.3,9.3,153,18.5,36,0.9,40.8,13.3,88,25,85,9,17
Juice,Orange Juice,Blended,119,17.0,3.8,0.5,388,66.7,67,1.2,38.0,9.6,84,0,23,81,4
Tea,Green Tea,Hot,355,14.6,1.9,6.7,118,12.8,44,1.6,8.9,25.2,77,80,19,18,253
Soda,Cola,Blended,471,0.1,2.6,4.4,351,11.1,44,2.1,20.8,18.0,19,4,27,91,67
Tea,Latte,Hot,161,0.0,4.9,8.4,270,86.3,55,3.1,4.0,10.3,17,22,82,55,58
Tea,Mango Smoothie,Iced,354,6.7,4.9,2.4,190,82.2,46,4.5,42.9,7.5,43,68,1,28,90
Tea,Green Tea,Iced,75,11.9,4.2,8.0,107,79.5,82,8.8,24.9,3.8,49,39,77,17,300
Juice,Latte,Hot,130,2.4,0.9,5.0,214,95.2,71,7.6,34.0,21.3,86,97,98,74,197
Soda,Orange Juice,Hot,88,4.9,0.2,3.0,98,85.7,56,9.0,30.0,5.0,69,27,46,37,1
Coffee,Latte,Blended,490,2.6,2.3,4.8,421,80.0,6,3.8,34.6,15.4,11,95,99,65,288
Smoothie,Cola,Iced,124,19.0,2.3,6.2,459,68.3,4,0.5,44.1,11.6,33,64,58,78,194
Coffee,Latte,Hot,265,14.0,3.3,2.5,254,5.7,78,5.7,49.4,15.3,82,99,66,3,268
Juice,Espresso,Blended,130,10.0,3.2,8.1,185,31.7,85,2.5,42.8,9.9,55,70,58,6,29
Tea,Orange Juice,Iced,353,15.0,4.0,10.0,398,31.1,7,4.3,31.0,23.3,0,13,40,73,165
Tea,Iced Tea,Iced,306,6.7,4.6,3.3,63,9.3,84,3.3,49.5,7.2,15,95,4,55,117
Coffee,Orange Juice,Hot,369,2.0,1.1,2.4,187,28.1,46,6.1,50.0,16.4,34,37,1,97,126
Juice,Iced Tea,Blended,396,18.5,3.3,1.5,264,97.5,69,1.3,37.8,28.2,36,57,56,87,261
Soda,Green Tea,Hot,179,15.8,1.1,1.0,277,75.1,20,2.1,38.0,19.7,61,2,68,71,75
Soda,Cola,Iced,110,4.4,1.8,2.1,131,96.8,12,6.1,2.6,19.5,20,23,41,59,62
Coffee,Espresso,Hot,274,6.8,3.2,7.8,326,53.7,98,4.5,11.0,2.1,67,100,43,53,111
Soda,Cola,Hot,488,11.2,2.9,4.8,266,90.8,67,2.6,25.8,4.9,90,40,59,51,121
Soda,Cola,Hot,55,2.2,4.6,3.7,339,51.8,35,9.1,25.3,26.2,4,35,61,41,174
Tea,Cola,Blended,305,8.5,0.6,1.4,161,6.1,93,2.4,39.9,13.3,34,33,65,84,13
Tea,Lemonade,Iced,331,19.0,2.0,6.1,51,4.9,93,6.1,2.9,7.0,68,7,31,20,34
Coffee,Green Tea,Blended,172,16.1,4.0,2.3,193,73.1,35,9.9,7.9,13.2,73,90,78,87,271
Smoothie,Lemonade,Iced,202,16.5,0.5,3.1,50,76.7,59,7.0,46.1,13.4,88,57,97,21,25
Soda,Lemonade,Hot,299,15.8,0.9,4.9,223,69.5,72,7.6,10.4,13.4,74,81,99,49,152
Tea,Latte,Hot,73,17.1,2.6,9.2,309,96.4,81,9.1,10.9,5.1,66,91,88,19,93
Soda,Cola,Hot,196,8.3,0.9,5.7,377,96.9,23,7.3,7.8,10.8,63,89,23,31,264
Juice,Mango Smoothie,Hot,302,13.5,2.5,7.9,254,73.5,70,5.4,41.4,27.0,82,51,40,25,286
Coffee,Mango Smoothie,Blended,283,8.0,0.9,5.8,227,82.6,92,0.5,3.4,20.3,29,86,68,39,250
Smoothie,Cola,Hot,264,10.7,2.7,2.0,28,94.5,64,8.7,31.8,9.0,95,72,36,76,14
Juice,Lemonade,Hot,227,18.5,4.8,9.5,312,63.3,92,6.7,41.4,11.7,59,73,36,77,174
Smoothie,Cola,Iced,246,8.7,2.0,1.1,13,25.0,90,4.0,12.4,24.1,10,5,49,42,29
Tea,Green Tea,Iced,197,0.0,0.7,5.0,121,4.1,89,8.6,46.6,20.5,72,51,45,56,190
Tea,Espresso,Iced,250,6.6,1.3,9.1,167,33.5,22,6.3,18.8,17.7,10,58,57,50,178
Soda,Iced Tea,Iced,123,18.8,0.6,0.0,334,90.6,12,8.4,20.4,24.5,68,25,8,78,192
Smoothie,Lemonade,Blended,115,13.7,2.6,7.1,226,57.2,49,5.5,35.9,9.6,25,34,99,8,98
Tea,Mango Smoothie,Hot,338,19.5,1.6,4.8,30,64.8,67,3.5,45.7,29.6,52,71,87,51,86
Soda,Green Tea,Iced,165,11.6,1.8,1.0,33,21.7,34,5.1,21.4,10.5,71,34,39,14,161
Tea,Green Tea,Hot,384,12.0,1.9,1.4,25,59.1,85,2.5,9.8,23.9,93,98,65,55,94
Smoothie,Latte,Iced,207,13.2,0.6,3.8,323,16.8,54,4.1,43.0,23.9,14,55,74,18,79
Coffee,Iced Tea,Hot,183,19.0,4.6,3.5,93,73.0,7,1.0,6.6,8.1,65,64,17,28,33
Coffee,Lemonade,Iced,160,15.7,2.0,4.9,192,83.7,3,7.6,7.0,5.2,64,55,15,99,230
Juice,Lemonade,Iced,254,2.6,0.2,7.9,317,90.1,54,4.1,33.9,24.0,24,68,34,35,80
Coffee,Cola,Hot,390,19.1,2.5,1.3,143,15.7,22,1.8,33.3,1.2,62,26,37,7,45
Smoothie,Iced Tea,Hot,487,0.7,0.4,3.8,481,5.2,30,6.2,3.8,0.5,3,80,39,4,227
Tea,Latte,Iced,166,0.8,0.5,9.3,491,25.9,10,9.0,27.2,14.7,94,61,64,84,251
Juice,Cola,Blended,385,3.6,1.8,1.9,56,63.1,47,7.7,11.4,11.2,3,26,18,13,201
Tea,Lemonade,Hot,198,7.4,3.7,5.7,74,44.4,23,1.4,47.8,29.6,36,32,29,85,153
Smoothie,Orange Juice,Blended,188,3.7,0.8,5.8,287,94.5,1,3.2,1.4,16.4,25,79,19,55,38
Soda,Iced Tea,Hot,457,5.5,3.1,8.5,398,43.5,73,4.9,48.3,19.5,63,40,71,77,130
Juice,Orange Juice,Hot,313,4.5,2.8,7.3,341,63.5,51,2.3,22.2,15.5,40,55,5,33,189
Coffee,Latte,Blended,359,9.2,0.2,8.9,424,22.4,18,1.1,18.8,20.8,97,60,72,29,216
Soda,Iced Tea,Hot,155,10.3,2.4,7.1,328,26.4,60,2.0,44.3,20.6,91,11,8,11,44
Soda,Iced Tea,Blended,219,3.0,0.9,3.8,488,86.4,45,8.6,28.2,21.7,44,16,94,83,238
Smoothie,Orange Juice,Iced,204,12.6,4.0,6.4,36,28.7,56,9.0,13.0,4.2,70,17,68,97,50
Smoothie,Cola,Iced,402,12.6,4.4,8.7,454,50.3,34,2.2,33.9,25.2,87,26,78,23,70
Soda,Iced Tea,Blended,103,4.0,3.0,7.1,134,18.7,48,4.5,9.2,5.6,82,29,82,85,0
Tea,Latte,Iced,296,5.6,1.8,0.3,170,46.6,50,5.6,30.8,17.6,85,55,1,37,140
Juice,Mango Smoothie,Iced,295,18.5,3.6,8.8,134,45.6,43,1.8,20.1,2.9,85,89,53,31,214
Coffee,Lemonade,Blended,233,12.1,0.5,7.7,195,43.2,26,8.2,5.1,23.7,60,40,0,29,138
Smoothie,Espresso,Hot,84,17.7,1.9,7.0,338,51.4,24,4.5,16.4,18.1,80,21,72,3,23
Soda,Iced Tea,Iced,403,6.7,2.6,4.2,387,30.6,17,7.7,5.2,7.1,25,87,66,24,175
Tea,Iced Tea,Iced,437,2.5,2.4,1.6,152,32.2,59,2.4,32.4,12.1,4,97,31,63,169
Soda,Espresso,Hot,353,2.5,1.4,4.0,188,31.6,66,8.1,32.0,1.7,40,42,71,80,24
Smoothie,Lemonade,Iced,291,18.0,0.1,7.0,43,77.4,58,4.7,26.2,23.5,7,38,3,39,148
Soda,Orange Juice,Iced,471,7.9,0.2,7.9,412,12.9,6,8.8,48.3,24.1,95,41,82,26,27
Soda,Green Tea,Hot,364,11.5,2.6,6.0,255,66.4,91,2.2,7.2,15.4,41,73,16,11,83
Coffee,Orange Juice,Hot,229,14.1,4.7,3.9,318,50.2,77,0.2,14.0,17.8,90,21,34,59,50
Tea,Espresso,Blended,223,3.7,2.4,0.0,187,41.4,88,5.9,49.8,26.0,97,7,65,27,127
Juice,Orange Juice,Iced,336,1.0,4.8,9.6,76,90.3,98,9.1,25.8,4.5,53,55,93,94,233
Tea,Iced Tea,Hot,65,16.7,1.6,6.2,108,2.6,41,4.5,19.4,4.2,49,24,8,28,195
Soda,Lemonade,Hot,172,5.9,1.9,0.1,488,58.9,8,4.7,5.8,7.3,48,98,25,82,182
Soda,Green Tea,Iced,291,8.9,3.1,8.1,318,83.3,81,9.1,4.2,12.1,96,71,37,10,17
Smoothie,Cola,Blended,134,2.2,0.8,10.0,417,80.3,41,6.5,17.0,16.7,38,64,1,83,132
Coffee,Latte,Hot,391,6.8,4.5,8.5,68,46.2,49,8.0,3.5,3.3,34,52,4,31,37
Soda,Lemonade,Hot,439,1.2,1.2,5.9,105,41.4,67,0.9,31.3,17.6,85,78,56,100,91
Soda,Lemonade,Iced,143,3.0,1.8,8.2,5,93.6,97,7.8,38.8,23.9,13,53,57,16,121
Tea,Green Tea,Iced,437,2.7,1.5,2.3,314,36.7,93,4.5,36.9,25.5,33,14,72,20,100
Soda,Orange Juice,Iced,243,9.8,4.0,8.1,418,64.3,21,5.6,30.7,7.3,42,58,40,37,272
Soda,Latte,Blended,359,2.1,1.1,4.1,137,41.7,53,5.8,14.3,27.0,68,54,85,47,229
Juice,Green Tea,Iced,340,12.0,4.2,2.8,312,51.4,56,2.2,25.3,20.4,79,61,80,34,236
Juice,Latte,Blended,140,17.8,4.4,6.1,282,15.8,68,9.3,9.8,15.8,71,79,89,31,200
Smoothie,Latte,Hot,343,6.1,3.6,6.5,424,34.5,38,9.9,18.9,5.1,16,98,85,70,161
Soda,Green Tea,Hot,167,3.7,2.3,8.1,112,9.9,12,1.9,15.8,27.9,45,45,68,2,38
Soda,Green Tea,Iced,201,0.6,3.4,7.2,411,45.5,12,7.3,33.3,29.1,71,21,72,92,104
Coffee,Espresso,Hot,387,10.6,1.0,4.6,268,78.3,69,7.8,28.8,3.6,72,83,33,76,141
Soda,Orange Juice,Iced,430,14.2,1.2,4.7,430,21.9,35,0.2,6.4,2.1,3,50,58,76,237
Coffee,Mango Smoothie,Hot,126,10.6,2.2,1.9,214,54.9,55,8.9,24.5,13.0,62,53,82,64,226
Juice,Cola,Hot,363,11.9,0.0,0.2,440,5.6,2,1.5,33.7,0.7,52,9,10,29,258
Coffee,Latte,Blended,98,2.7,2.6,5.2,232,96.6,63,6.8,33.6,26.2,20,49,11,86,173
Coffee,Mango Smoothie,Iced,75,11.8,1.9,5.3,432,46.1,0,6.5,49.1,16.3,90,47,22,49,58
Coffee,Iced Tea,Blended,143,9.7,4.3,2.1,222,41.6,47,1.5,4.3,15.2,82,42,46,43,153
Coffee,Espresso,Iced,494,14.0,0.9,7.3,373,75.3,42,2.0,18.3,19.9,87,0,41,42,8
Tea,Cola,Hot,282,0.5,3.8,6.7,288,5.7,66,9.0,26.7,21.3,36,31,50,13,183
Soda,Green Tea,Blended,124,8.6,3.2,1.9,436,63.2,21,9.5,45.5,26.3,41,50,99,46,52
Tea,Cola,Iced,449,9.5,0.6,9.5,272,37.0,58,3.6,37.5,9.3,25,100,57,58,18
Smoothie,Cola,Iced,433,3.8,2.5,6.9,76,73.7,32,5.1,16.8,22.5,37,58,51,75,33
Tea,Lemonade,Hot,228,1.0,1.2,4.5,452,71.2,0,7.9,10.5,25.3,49,25,29,33,49
Juice,Green Tea,Iced,186,1.5,0.8,9.1,151,87.4,73,1.9,34.4,11.0,51,77,64,12,170
Soda,Lemonade,Iced,261,1.1,4.0,5.2,313,69.4,25,2.5,6.5,16.1,76,81,64,97,78
Coffee,Latte,Iced,419,9.1,2.8,3.2,95,88.5,45,8.8,44.1,5.3,27,43,41,38,73
Juice,Mango Smoothie,Hot,175,8.4,1.2,2.5,337,84.4,67,0.5,16.3,19.7,56,67,96,15,209
Soda,Cola,Blended,63,9.4,3.9,2.1,410,76.8,94,7.2,16.5,4.9,71,3,58,71,199
Juice,Iced Tea,Hot,80,15.9,0.1,2.5,268,55.9,59,0.2,16.4,14.5,64,23,51,74,155
Soda,Latte,Blended,291,4.9,4.8,7.5,80,57.5,94,5.2,31.4,24.2,22,15,22,5,84
Smoothie,Cola,Hot,58,10.1,4.6,7.2,40,84.4,24,9.8,6.9,9.8,73,58,17,63,25
Soda,Latte,Hot,171,13.4,1.0,2.3,95,44.0,65,8.6,8.5,3.1,97,32,28,35,134
Tea,Espresso,Iced,170,15.4,4.0,0.8,26,7.6,21,4.4,14.2,16.0,38,79,87,57,122
Juice,Mango Smoothie,Iced,297,7.6,3.1,4.2,375,96.2,28,6.1,18.3,22.7,37,22,35,0,222
Tea,Orange Juice,Iced,366,16.9,1.7,6.5,400,75.5,49,8.1,42.3,21.4,49,82,87,53,129
Juice,Espresso,Iced,63,8.4,4.3,8.0,222,2.2,65,8.9,34.6,24.3,88,65,51,90,59
Smoothie,Mango Smoothie,Iced,436,15.9,3.3,0.3,186,10.4,24,2.2,38.0,0.7,60,74,73,33,81
Coffee,Orange Juice,Hot,113,15.0,4.4,6.0,317,11.3,18,2.2,5.7,12.9,38,46,50,32,261
Soda,Cola,Hot,394,9.6,0.4,5.0,64,29.8,15,9.2,15.1,12.6,85,40,67,25,190
Smoothie,Iced Tea,Hot,112,15.5,4.1,7.6,396,28.5,41,5.7,24.1,4.4,3,24,80,52,44
Soda,Lemonade,Iced,105,12.7,1.9,0.9,313,61.3,82,0.7,32.3,9.2,88,23,85,83,61
Smoothie,Latte,Iced,247,4.3,4.8,1.2,175,30.4,95,4.1,21.2,2.8,33,9,35,37,283
Coffee,Green Tea,Blended,303,19.5,1.4,3.2,158,47.4,57,6.5,7.5,13.4,2,100,84,87,242
Coffee,Mango Smoothie,Blended,421,9.6,2.1,9.1,35,75.3,49,4.8,40.8,28.1,26,17,21,58,56
Smoothie,Green Tea,Hot,450,13.8,1.3,1.4,229,64.8,86,8.1,18.2,26.9,67,28,64,0,174
Smoothie,Mango Smoothie,Hot,397,18.0,2.0,6.6,20,89.0,27,4.8,29.4,28.7,41,96,5,97,197
Juice,Latte,Hot,471,11.9,2.1,9.3,486,64.1,56,7.7,46.2,9.2,68,4,60,37,97
Juice,Iced Tea,Blended,351,11.7,3.6,7.6,85,23.1,55,5.9,40.5,27.8,55,14,40,34,167
Juice,Latte,Hot,484,1.0,4.4,0.9,230,87.9,9,3.0,3.4,14.9,68,56,12,31,232
Soda,Green Tea,Hot,155,2.9,1.4,4.7,15,4.3,88,5.5,2.7,26.1,60,21,49,77,232
Smoothie,Espresso,Iced,283,3.9,3.7,6.4,68,63.8,44,6.1,36.0,2.2,33,67,34,60,207
Juice,Lemonade,Hot,188,16.8,2.6,3.0,281,63.8,100,5.3,49.3,10.2,44,84,34,54,36
Coffee,Latte,Blended,373,14.9,3.2,3.7,57,44.8,90,7.7,2.0,18.0,94,63,91,22,260
Soda,Green Tea,Iced,375,5.6,2.5,0.6,408,40.1,15,8.0,20.9,10.3,25,6,73,31,211
Coffee,Lemonade,Hot,126,5.4,2.9,7.2,154,31.2,20,2.0,32.1,12.2,38,27,54,55,55
Soda,Latte,Hot,420,3.9,3.4,1.0,233,46.6,100,4.0,15.2,20.6,12,0,24,81,120
Tea,Mango Smoothie,Hot,98,10.3,0.5,2.2,400,35.3,18,5.7,34.9,7.0,74,85,64,29,88
Tea,Cola,Blended,494,14.7,2.3,9.5,273,56.0,31,3.1,42.2,16.1,1,26,7,78,258
Smoothie,Espresso,Hot,53,5.0,2.3,7.9,110,59.8,62,5.2,38.3,27.4,97,27,12,26,250
Coffee,Mango Smoothie,Iced,195,14.8,0.4,8.4,300,27.3,91,4.2,8.1,16.3,86,27,85,4,272
Soda,Mango Smoothie,Iced,409,5.6,1.3,7.5,33,95.2,38,6.6,3.2,15.7,54,50,13,60,146
Smoothie,Mango Smoothie,Blended,211,14.0,1.6,2.9,488,86.1,82,5.7,7.7,18.8,96,76,62,95,202
Coffee,Orange Juice,Hot,321,7.6,4.5,7.8,266,73.4,86,5.8,43.7,2.0,20,0,36,68,5
Soda,Orange Juice,Iced,105,7.9,4.0,4.2,311,11.2,62,5.0,21.8,0.0,75,55,87,62,86
Smoothie,Mango Smoothie,Blended,98,7.6,1.7,4.7,389,98.6,76,5.8,10.2,11.6,89,46,15,0,126
Juice,Iced Tea,Iced,175,9.1,1.7,4.3,420,86.8,69,1.5,13.6,20.8,36,63,92,30,260
Coffee,Espresso,Hot,485,17.4,2.2,3.1,319,35.9,4,3.4,20.1,18.7,66,39,1,41,196
Soda,Green Tea,Hot,262,15.5,4.8,5.8,69,71.8,83,2.8,22.0,3.5,13,16,46,14,150
Coffee,Iced Tea,Blended,434,13.9,3.9,9.8,333,53.1,94,9.7,28.3,27.5,58,17,36,79,252
Smoothie,Lemonade,Iced,431,12.9,3.9,7.7,31,90.5,80,5.9,41.9,14.3,72,56,25,78,37
Soda,Latte,Iced,74,16.2,5.0,0.8,431,24.0,82,5.0,7.7,9.7,68,50,14,85,114
Coffee,Espresso,Blended,347,3.6,1.9,1.5,41,62.1,85,8.8,15.3,18.4,87,98,19,99,171
Coffee,Iced Tea,Iced,312,1.9,4.0,4.1,268,72.8,33,1.5,18.1,30.0,18,8,93,94,75
Juice,Orange Juice,Hot,208,11.5,2.6,1.1,490,70.9,67,2.8,18.2,1.9,54,9,50,17,83
Soda,Mango Smoothie,Blended,135,0.1,4.4,0.3,463,15.6,44,3.1,19.7,9.0,4,91,96,46,274
Soda,Latte,Hot,153,9.6,0.5,2.4,75,3.3,32,1.5,2.8,27.9,50,82,89,41,188
Soda,Latte,Iced,236,12.1,1.2,9.5,436,24.9,21,1.2,37.4,13.3,59,89,63,20,57
Coffee,Green Tea,Blended,82,0.1,2.9,0.8,95,77.4,26,7.8,30.8,3.3,24,46,90,75,68
Smoothie,Latte,Iced,66,9.6,4.6,0.7,145,35.8,23,7.9,44.6,10.5,42,79,34,75,75
Juice,Iced Tea,Hot,236,8.4,1.8,0.3,25,48.3,98,4.1,6.4,22.6,73,83,87,32,262
Tea,Espresso,Blended,425,5.7,0.9,0.9,54,69.7,78,0.9,7.4,20.4,47,55,58,10,229
Tea,Iced Tea,Iced,449,2.0,2.3,3.8,405,32.6,57,9.7,21.2,29.4,72,44,30,27,203
Juice,Espresso,Blended,264,1.9,0.4,5.8,424,34.4,64,4.7,7.8,9.2,21,22,92,76,86
Soda,Cola,Blended,234,5.1,1.0,6.4,38,92.7,77,6.2,2.1,26.6,99,12,87,67,231
Coffee,Latte,Iced,407,4.3,1.5,1.5,243,62.7,10,2.2,14.4,21.0,37,47,98,36,33
Juice,Orange Juice,Hot,205,16.1,4.9,5.8,245,8.2,52,5.9,22.5,19.8,16,70,30,28,20
Tea,Orange Juice,Iced,435,13.7,3.9,4.1,153,62.9,75,0.6,22.3,15.8,100,72,85,40,207
Soda,Espresso,Hot,93,2.8,3.2,9.5,309,30.6,91,1.7,37.0,19.4,88,53,86,89,209
Juice,Espresso,Hot,235,6.0,1.5,4.7,300,15.8,60,3.1,31.9,15.2,14,77,94,82,158
Coffee,Iced Tea,Blended,280,17.7,1.8,8.0,16,90.4,90,0.2,12.5,24.8,12,15,8,55,292
Smoothie,Mango Smoothie,Blended,104,1.3,2.2,9.2,271,19.4,20,6.2,4.5,24.0,97,24,6,7,143
Tea,Iced Tea,Iced,177,6.7,2.7,7.0,388,60.0,15,1.9,17.8,8.6,77,69,36,0,268
Tea,Iced Tea,Blended,323,17.5,1.9,3.5,314,38.9,4,9.8,31.8,10.4,99,24,11,38,185
Coffee,Iced Tea,Hot,387,11.9,2.5,3.7,11,45.4,87,3.6,27.5,10.8,79,67,85,65,22
Soda,Lemonade,Iced,445,2.6,3.3,5.4,310,7.8,78,3.4,15.1,22.9,57,17,50,69,58
Soda,Lemonade,Hot,277,9.5,4.3,5.7,198,89.9,77,2.3,13.0,8.4,25,22,38,87,95
Soda,Green Tea,Blended,415,3.3,0.5,4.8,16,95.5,22,7.1,14.4,0.3,72,59,93,51,104
Smoothie,Espresso,Iced,129,12.7,3.4,1.0,167,86.5,68,8.5,44.8,14.6,95,76,12,59,154
Tea,Lemonade,Hot,446,11.4,2.9,9.7,174,24.9,93,0.5,3.4,27.7,58,23,38,24,121
Coffee,Lemonade,Hot,303,19.7,2.0,2.0,339,67.1,63,7.8,46.3,4.5,27,41,71,14,258
Smoothie,Iced Tea,Iced,373,12.9,0.1,6.2,140,57.4,92,6.3,9.9,1.7,22,18,37,19,87
Juice,Green Tea,Hot,158,3.7,2.9,8.3,249,30.8,21,4.6,34.1,26.0,26,22,47,43,86
Soda,Latte,Iced,394,8.9,4.5,4.5,261,72.5,22,5.9,12.7,27.3,66,81,90,23,208
Juice,Lemonade,Hot,472,11.9,4.9,7.7,431,57.4,89,2.4,0.1,21.8,29,64,99,99,195
Smoothie,Cola,Blended,457,10.9,2.5,4.1,32,65.9,86,7.6,35.8,17.6,9,47,18,18,217
Tea,Mango Smoothie,Iced,388,14.1,0.6,3.7,239,86.0,6,8.9,39.2,20.0,41,0,3,93,282
Juice,Green Tea,Iced,309,19.2,4.2,2.6,311,29.5,84,7.4,13.2,6.8,14,32,36,82,268
Tea,Latte,Iced,221,9.0,1.2,2.3,428,85.4,76,5.0,3.5,22.3,43,71,54,99,293
Smoothie,Iced Tea,Blended,123,16.6,0.9,1.1,98,61.4,75,8.1,2.8,28.8,31,33,66,36,250
Coffee,Green Tea,Iced,72,5.8,3.0,4.9,153,47.0,16,3.3,30.8,28.2,31,30,30,36,149
Juice,Espresso,Iced,160,1.2,3.6,9.5,140,23.2,88,1.3,13.6,5.3,72,5,60,45,164
Tea,Espresso,Blended,254,6.5,2.5,6.8,430,87.5,40,3.7,46.9,5.6,38,67,29,14,19
Tea,Espresso,Blended,97,3.5,2.2,0.8,391,23.2,27,2.2,3.3,11.4,47,77,6,8,233
Tea,Espresso,Hot,235,13.8,4.1,8.0,249,18.4,60,8.6,37.0,13.5,24,84,12,13,24
Soda,Green Tea,Hot,156,3.0,4.4,8.0,58,72.4,30,7.9,31.0,3.9,92,37,72,74,101
Smoothie,Latte,Iced,53,10.1,1.1,2.2,93,97.7,82,3.7,35.6,20.5,86,74,48,58,282
Coffee,Latte,Iced,97,6.9,0.5,5.3,364,49.0,87,7.5,35.3,7.2,88,97,13,10,164
Juice,Cola,Hot,494,12.2,0.2,0.9,153,98.3,55,1.4,23.1,22.3,8,33,47,45,293
Soda,Mango Smoothie,Iced,353,19.2,3.0,8.3,226,79.2,99,6.4,12.5,16.5,22,11,82,78,87
Coffee,Green Tea,Iced,398,2.6,2.5,5.6,207,35.4,84,6.6,17.3,9.8,50,52,36,99,242
Coffee,Iced Tea,Hot,238,11.3,2.9,6.9,361,86.1,50,1.4,19.2,24.6,28,89,59,87,27
Smoothie,Latte,Iced,296,2.3,1.5,1.8,295,18.4,100,3.5,23.2,11.4,18,10,47,13,118
Soda,Iced Tea,Hot,471,0.9,2.0,6.7,269,60.5,2,0.2,15.6,0.7,47,90,54,34,121
Tea,Orange Juice,Blended,479,12.6,3.5,6.8,485,94.0,69,3.3,18.7,20.7,34,87,30,34,195
Juice,Iced Tea,Iced,475,3.4,2.8,0.6,461,74.0,45,2.0,29.3,19.4,35,27,85,1,1
Smoothie,Latte,Blended,295,13.1,1.2,8.8,451,70.9,43,1.3,26.6,13.2,60,80,67,41,143
Juice,Green Tea,Iced,143,3.4,0.9,4.6,400,96.6,60,6.0,42.2,24.5,40,22,94,32,50
Soda,Latte,Hot,495,15.3,2.6,1.1,353,34.9,64,9.2,26.1,10.3,93,57,26,36,208
Tea,Espresso,Iced,291,17.4,0.7,2.3,47,27.4,68,1.7,37.8,23.8,15,84,14,11,189
Tea,Green Tea,Blended,237,15.4,3.2,1.2,305,81.3,55,2.7,21.6,28.5,46,98,66,18,259
Smoothie,Cola,Blended,146,15.3,4.8,4.1,253,73.1,30,7.8,7.2,7.6,55,100,40,18,172
Juice,Lemonade,Hot,345,18.8,4.7,0.1,477,98.4,66,1.2,47.3,29.4,69,77,75,10,40
Soda,Lemonade,Hot,354,11.2,1.8,9.6,492,70.1,31,7.6,28.7,19.0,42,54,44,54,57
Tea,Orange Juice,Hot,126,7.4,1.6,1.9,269,28.2,12,8.3,17.3,24.6,31,16,79,76,89
Tea,Cola,Blended,423,4.0,2.7,8.5,416,74.3,92,7.1,37.6,28.2,89,12,4,49,22
Soda,Iced Tea,Iced,277,16.5,0.8,0.8,129,63.5,18,2.5,3.1,21.6,74,40,5,100,279
Smoothie,Orange Juice,Iced,386,7.1,4.7,6.0,18,55.6,37,0.4,28.6,7.1,87,28,45,56,123
Juice,Latte,Iced,451,17.8,1.7,6.2,247,70.5,69,8.1,41.5,11.7,45,29,6,51,293
Coffee,Lemonade,Iced,414,19.5,2.6,4.1,476,89.2,15,4.5,45.1,25.4,94,24,79,79,234
Coffee,Latte,Hot,392,9.2,1.8,6.6,347,65.7,31,2.0,37.0,1.6,9,17,4,52,4
Coffee,Orange Juice,Hot,242,12.4,4.8,6.8,310,11.4,96,9.5,41.1,18.7,71,56,85,95,154
Tea,Orange Juice,Hot,418,3.2,0.1,3.6,187,21.7,51,0.1,27.9,27.4,49,68,23,52,125
Coffee,Iced Tea,Blended,392,5.5,4.7,3.7,184,55.1,28,3.5,3.0,18.2,10,54,72,6,132
Juice,Espresso,Blended,492,15.1,4.3,7.6,435,47.4,6,3.4,15.2,11.0,76,8,49,64,261
Soda,Green Tea,Iced,281,17.3,3.4,5.8,105,79.3,64,5.1,41.4,25.1,14,1,86,49,299
Coffee,Lemonade,Iced,418,3.6,0.8,2.2,0,93.0,2,3.6,43.9,15.2,16,58,11,4,273
Soda,Mango Smoothie,Hot,52,18.0,0.5,2.2,327,7.9,24,1.9,2.8,5.7,73,45,45,38,260
Smoothie,Lemonade,Iced,472,5.8,3.1,3.1,134,23.0,46,7.0,14.2,20.0,25,97,78,94,194
Coffee,Iced Tea,Hot,205,12.3,3.9,6.7,458,81.1,8,5.2,20.5,10.6,91,53,65,97,16
Smoothie,Mango Smoothie,Iced,352,13.0,1.1,8.2,443,39.4,53,4.7,46.9,21.7,62,4,22,60,102
Soda,Orange Juice,Blended,401,3.2,2.6,2.0,307,84.3,20,7.4,0.0,7.9,89,98,96,79,187
Soda,Cola,Blended,290,15.2,4.3,6.4,398,96.1,93,3.7,32.1,13.8,22,38,87,69,142
Juice,Cola,Hot,177,14.4,4.2,5.8,111,44.2,65,1.1,46.2,14.9,86,87,41,61,221
Coffee,Mango Smoothie,Hot,75,6.3,1.8,3.9,44,99.9,5,3.6,25.3,11.9,37,49,68,57,208
Tea,Lemonade,Iced,285,17.2,3.1,1.5,439,18.5,29,6.7,32.1,17.6,37,84,75,96,162
Juice,Orange Juice,Iced,168,14.0,0.4,6.8,333,2.9,20,5.3,35.6,17.1,13,99,60,23,136
Smoothie,Cola,Iced,292,1.5,1.8,3.0,372,8.2,68,1.3,40.7,24.8,49,65,88,17,274
Soda,Mango Smoothie,Iced,140,9.3,0.3,0.1,4,76.4,81,4.0,23.5,17.8,81,32,76,87,29
Tea,Latte,Iced,229,17.6,3.4,7.3,403,66.6,13,6.6,18.4,10.4,79,85,53,44,52
Soda,Orange Juice,Iced,391,9.9,3.5,4.5,44,48.0,99,4.9,19.2,15.9,39,25,44,37,87
Juice,Espresso,Iced,257,9.1,0.6,0.9,177,9.9,32,5.3,35.2,14.5,85,61,18,36,266
Tea,Green Tea,Hot,85,6.1,0.4,9.9,36,92.1,21,0.4,22.4,3.3,0,81,7,84,50
Soda,Iced Tea,Hot,132,2.5,3.4,4.7,12,91.3,62,10.0,35.7,11.0,22,84,51,18,243
Tea,Mango Smoothie,Hot,117,17.4,1.0,5.7,216,39.0,93,5.1,12.7,11.0,14,77,74,93,267
Smoothie,Green Tea,Hot,390,14.3,0.9,6.3,478,79.7,5,3.5,4.1,23.7,19,98,28,79,230
Soda,Green Tea,Iced,74,19.8,1.1,8.8,228,70.0,70,6.5,37.6,4.5,27,15,31,70,262
Juice,Mango Smoothie,Iced,417,12.6,0.6,6.5,348,1.8,43,7.8,15.7,3.9,24,83,5,96,128
Soda,Orange Juice,Iced,200,10.4,0.8,6.7,53,85.3,84,8.5,35.3,9.4,18,64,58,67,18
Soda,Espresso,Hot,398,4.9,4.9,3.7,414,70.9,87,9.1,28.1,0.3,63,81,5,48,274
Coffee,Espresso,Blended,203,9.6,3.7,2.0,166,50.1,63,6.6,39.3,13.6,72,45,30,65,124
Coffee,Lemonade,Iced,409,17.1,4.2,4.7,430,5.0,65,7.9,34.8,0.4,16,40,51,67,218
Coffee,Cola,Blended,416,5.5,4.7,9.1,472,63.1,99,3.6,20.6,15.7,92,68,91,59,244
Juice,Green Tea,Hot,362,9.4,3.6,9.3,431,90.9,28,7.6,28.0,5.6,99,6,77,28,152
Coffee,Lemonade,Hot,364,11.3,1.6,4.8,343,74.1,70,7.2,6.7,18.4,67,43,37,37,187
Coffee,Cola,Blended,64,16.3,4.0,4.5,464,59.7,90,0.3,22.8,5.9,45,83,76,77,69
Juice,Mango Smoothie,Hot,492,11.5,0.9,6.4,108,40.1,98,2.7,39.9,9.9,76,22,48,24,252
Tea,Iced Tea,Blended,103,4.2,0.2,1.4,144,22.9,90,9.0,8.1,28.0,4,31,97,92,177
Smoothie,Lemonade,Hot,445,16.7,0.6,3.0,156,3.4,93,5.0,31.4,28.7,87,26,19,65,71
Coffee,Cola,Blended,158,13.9,1.9,0.3,51,18.9,16,9.1,38.9,22.5,82,15,43,33,246
Coffee,Orange Juice,Blended,120,12.7,4.1,0.5,110,79.3,16,3.0,49.6,4.6,89,18,87,30,91
Soda,Cola,Blended,213,7.5,2.0,9.3,193,26.7,88,1.3,14.6,7.6,12,89,23,46,174
Soda,Cola,Iced,78,13.2,2.7,4.8,85,78.6,95,9.6,44.1,3.7,23,30,22,18,78
Smoothie,Lemonade,Iced,99,7.9,1.1,3.2,398,93.9,20,3.4,30.5,9.7,81,51,88,39,146
Smoothie,Cola,Blended,140,4.2,3.5,3.1,297,62.5,76,5.6,21.5,15.9,64,59,70,30,183
Coffee,Green Tea,Hot,293,3.0,2.9,9.1,91,98.9,47,4.5,27.9,13.2,9,29,15,46,125
Juice,Cola,Hot,464,0.3,1.5,4.1,447,11.1,84,2.6,7.5,3.4,96,7,56,88,178
Soda,Cola,Blended,397,7.4,2.6,6.0,122,14.1,7,1.9,10.3,19.1,23,80,14,84,147
Soda,Green Tea,Blended,197,7.5,2.2,2.5,296,8.8,19,4.3,43.3,16.5,73,33,20,53,19
